{
  "metadata": {
    "project": "Home Depot Equipment Rental Database",
    "started": "2026-02-18",
    "states": ["TX", "FL", "NY"],
    "categories": ["Earth-Moving Equipment", "Aerial & Lifting Equipment"],
    "last_updated": "2026-02-18T23:30:00Z"
  },
  "equipment_types": {
    "Earth-Moving Equipment": ["Mini Excavators", "Skid Steers", "Mini Skid Steers", "TLB (Tractor Loader Backhoes)"],
    "Aerial & Lifting Equipment": ["Boom Lifts", "Scissor Lifts", "Forklifts", "Telehandlers"]
  },
  "equipment_models": {
    "Mini Excavators": [
      {"model": "2,000 lb. Mini Excavator (1-Ton)", "specs": {"Max Dig Depth": "4.5'", "Max Reach Above Ground": "7' 9\"", "Overall Width": "2' 4\" (retracted)", "Towing": "3800 lbs"}},
      {"model": "3,000 - 4,000 lb. Mini Excavator", "specs": {"Max Dig Depth": "6.2'", "Max Reach Above Ground": "10' 3\"", "Overall Width": "3' 3\" (retracted)", "Towing": "6830 lbs"}},
      {"model": "5,000 - 6,000 lb. Mini Excavator", "specs": {"Max Dig Depth": "9' 5\"", "Max Reach Above Ground": "15' 7\"", "Overall Width": "5' 1\" (retracted)", "Towing": "10315 lbs"}},
      {"model": "7,000 - 8,000 lb. Mini Excavator", "specs": {"Availability": "VIP Delivery Only", "Max Dig Depth": "11' 3\"", "Max Reach Above Ground": "16' 9\"", "Overall Width": "5' 10\"", "Weight": "7,905 lbs"}},
      {"model": "9,000 - 10,000 lb. Mini Excavator", "specs": {"Max Dig Depth": "11' 7\"", "Max Reach Above Ground": "19' 7\"", "Overall Width": "6' 7\"", "Weight": "10,560 lbs", "Net Power": "35.9 hp", "Design": "Zero-tail-swing"}},
      {"model": "11,000 - 12,000 lb. Mini Excavator", "specs": {"Availability": "Delivery Only", "Max Dig Depth": "12' 4\"", "Max Reach": "20' 5\"", "Overall Width": "6' 7\"", "Weight": "13,470 lbs", "Net Power": "53 hp"}}
    ]
  },
  "branches": {
    "Tx #1326": {"address": "2777 Katy Freeway, Houston, TX 77007", "city": "Houston", "state": "TX", "phone": "(346)237-2716"},
    "Brinkman #0577": {"address": "999 North Loop West, Houston, TX 77008", "city": "Houston", "state": "TX", "phone": "(713)803-5361"},
    "Gulfgate Mall #6509": {"address": "6810 Gulf Freeway, Houston, TX 77087", "city": "Houston", "state": "TX", "phone": "(713)454-6510"},
    "Pin Oak #0566": {"address": "5445 West Loop South, Houston, TX 77081", "city": "Houston", "state": "TX", "phone": "(713)349-1470"},
    "Little York #6806": {"address": "10600 Eastex Freeway, Houston, TX 77093", "city": "Houston", "state": "TX", "phone": "(713)884-4008"},
    "Spring Valley #6985": {"address": "8400 Katy Freeway, Houston, TX 77024", "city": "Houston", "state": "TX", "phone": "(713)935-4008"},
    "Westheimer #6558": {"address": "8400 Westheimer Rd, Houston, TX 77063", "city": "Houston", "state": "TX", "phone": "(713)273-4408"},
    "Market Street #0569": {"address": "13400 Market St, Houston, TX 77015", "city": "Houston", "state": "TX", "phone": "(713)450-8301"},
    "North Houston #6510": {"address": "10707 N Fwy, Houston, TX 77037", "city": "Houston", "state": "TX", "phone": "(281)405-2410"},
    "Houston Hwy 290 #6525": {"address": "14085 Northwest Fwy, Houston, TX 77040", "city": "Houston", "state": "TX", "phone": "(713)329-0410"},
    "Beltway 8 #0584": {"address": "6800 W Sam Houston Pkwy S, Houston, TX 77072", "city": "Houston", "state": "TX", "phone": "(281)983-9604"},
    "Hillcroft #6859": {"address": "14440 Hillcroft St, Houston, TX 77085", "city": "Houston", "state": "TX", "phone": "(713)726-2408"},
    "Gulf Freeway #6501": {"address": "11820 Dickinson Rd, Houston, TX 77089", "city": "Houston", "state": "TX", "phone": "(281)464-4100"},
    "Silverlake #6567": {"address": "10111 Broadway, Pearland, TX 77584", "city": "Pearland", "state": "TX", "phone": "(713)413-5408"},
    "Pasadena #0565": {"address": "5455 Fairmont Pkwy, Pasadena, TX 77505", "city": "Pasadena", "state": "TX", "phone": "(281)998-4306"},
    "Summerwood #1832": {"address": "12730 W Lake Houston Pkwy, Houston, TX 77044", "city": "Houston", "state": "TX", "phone": "(346)312-4578"},
    "West Houston #0585": {"address": "2828 S Hwy 6, Houston, TX 77082", "city": "Houston", "state": "TX", "phone": "(281)368-6403"},
    "Lemmon Avenue #0589": {"address": "6110 Lemmon Ave, Dallas, TX 75209", "city": "Dallas", "state": "TX", "phone": "(214)904-2406"},
    "Oak Cliff #6816": {"address": "2610 Fort Worth Ave, Dallas, TX 75211", "city": "Dallas", "state": "TX", "phone": "(214)944-2408"},
    "Skillman #6804": {"address": "6000 Skillman Street, Dallas, TX 75231", "city": "Dallas", "state": "TX", "phone": "(214)706-7408"},
    "White Rock #0550": {"address": "11255 Garland Rd, Dallas, TX 75218", "city": "Dallas", "state": "TX", "phone": "(214)319-0421"},
    "Forest Lane #0598": {"address": "11682 Forest Central Drive, Dallas, TX 75243", "city": "Dallas", "state": "TX", "phone": "(214)355-2776"},
    "NW Dallas #0564": {"address": "11468 Grissom Ln, Dallas, TX 75229", "city": "Dallas", "state": "TX", "phone": "(972)888-9784"},
    "Mesquite #6537": {"address": "18855 Lyndon B Johnson Fwy, Mesquite, TX 75150", "city": "Mesquite", "state": "TX", "phone": "(972)698-3410"},
    "Westmoreland #0552": {"address": "2901 W Wheatland Rd, Dallas, TX 75237", "city": "Dallas", "state": "TX", "phone": "(972)780-2420"},
    "Balch Springs #0555": {"address": "12005 Elam Rd, Balch Springs, TX 75180", "city": "Balch Springs", "state": "TX", "phone": "(972)913-3508"},
    "Lancaster #8976": {"address": "500 North I-35 East, Lancaster, TX 75146", "city": "Lancaster", "state": "TX", "phone": "(972)274-8408"},
    "Coit Rd #6504": {"address": "2220 N Coit Rd, Richardson, TX 75080", "city": "Richardson", "state": "TX", "phone": "(214)570-3410"},
    "Carrollton #6555": {"address": "2011 Keller Springs Rd, Carrollton, TX 75006", "city": "Carrollton", "state": "TX", "phone": "(972)389-4408"},
    "North Irving #6557": {"address": "8555 Home Depot Dr, Irving, TX 75063", "city": "Irving", "state": "TX", "phone": "(972)444-6405"},
    "Rowlett #8951": {"address": "2201 Lakeview Pkwy, Rowlett, TX 75088", "city": "Rowlett", "state": "TX", "phone": "(972)612-4308"},
    "Garland #0553": {"address": "3261 N George Bush Hwy, Garland, TX 75040", "city": "Garland", "state": "TX", "phone": "(972)496-2801"},
    "Cedar Hill #0530": {"address": "373 E Fm 1382, Cedar Hill, TX 75104", "city": "Cedar Hill", "state": "TX", "phone": "(972)299-7422"},
    "SE Austin #6542": {"address": "3600 Interstate Hwy 35 South, Austin, TX 78704", "city": "Austin", "state": "TX", "phone": "(512)912-5480"},
    "Austin Mueller Airport #6892": {"address": "1200 Barbara Jordan Blvd Suite 100, Austin, TX 78723", "city": "Austin", "state": "TX", "phone": "(512)404-1818"},
    "South Austin #6570": {"address": "1200 Home Depot Blvd, Sunset Valley, TX 78745", "city": "Sunset Valley", "state": "TX", "phone": "(512)358-2410"},
    "Slaughter Lane #6563": {"address": "8801 S I-35, Austin, TX 78744", "city": "Austin", "state": "TX", "phone": "(512)292-5728"},
    "North Austin #6839": {"address": "10515 N Mo Pac Expy, Austin, TX 78759", "city": "Austin", "state": "TX", "phone": "(512)338-7408"},
    "Four Points #8418": {"address": "7900 N Fm 620, Austin, TX 78726", "city": "Austin", "state": "TX", "phone": "(512)249-3108"},
    "Bee Cave #6531": {"address": "3600 Ranch Road 620 S, Bee Cave, TX 78738", "city": "Bee Cave", "state": "TX", "phone": "(512)263-6410"},
    "Manor #6541": {"address": "13100 N Fm 973, Manor, TX 78653", "city": "Manor", "state": "TX", "phone": "(512)319-4166"},
    "Lakeline #0509": {"address": "11301 Lakeline Blvd, Austin, TX 78717", "city": "Austin", "state": "TX", "phone": "(512)249-9610"},
    "Alamo Heights #6544": {"address": "435 Sunset Rd W, San Antonio, TX 78209", "city": "San Antonio", "state": "TX", "phone": "(210)832-2411"},
    "Bitters Rd #0582": {"address": "1066 Central Pkwy S, San Antonio, TX 78232", "city": "San Antonio", "state": "TX", "phone": "(210)402-2401"},
    "North San Antonio #0588": {"address": "12871 W Interstate 10, San Antonio, TX 78249", "city": "San Antonio", "state": "TX", "phone": "(210)561-6400"},
    "SW San Antonio #0586": {"address": "611 Sw Loop 410, San Antonio, TX 78227", "city": "San Antonio", "state": "TX", "phone": "(210)645-5400"},
    "Military #6529": {"address": "2658 Sw Military Dr, San Antonio, TX 78224", "city": "San Antonio", "state": "TX", "phone": "(210)932-7810"},
    "Windsor Park #0580": {"address": "4909 Windsor Hill, San Antonio, TX 78239", "city": "San Antonio", "state": "TX", "phone": "(210)871-7602"},
    "SE Military #6988": {"address": "3111 S.e. Military, San Antonio, TX 78223", "city": "San Antonio", "state": "TX", "phone": "(210)304-7058"},
    "Culebra #6818": {"address": "5638 W Loop 1604 North, San Antonio, TX 78251", "city": "San Antonio", "state": "TX", "phone": "(210)706-1408"},
    "San Antonio West #6847": {"address": "2607 West Loop 1604 South, San Antonio, TX 78245", "city": "San Antonio", "state": "TX", "phone": "(726)262-7416"},
    "Bulverde #6989": {"address": "128 Bulverde Crossing Rd, Bulverde, TX 78163", "city": "Bulverde", "state": "TX", "phone": "(830)438-1308"},
    "New Braunfels #8520": {"address": "1360 N Ih 35, New Braunfels, TX 78130", "city": "New Braunfels", "state": "TX", "phone": "(830)620-3868"},
    "Seguin #8437": {"address": "201 W Ih 10, Seguin, TX 78155", "city": "Seguin", "state": "TX", "phone": "(830)401-5408"},
    "East Fort Worth #6534": {"address": "1151 Bridgewood Dr, Fort Worth, TX 76112", "city": "Fort Worth", "state": "TX", "phone": "(817)492-2410"},
    "Lake Worth #6549": {"address": "3950 Jim Wright Frwy, Lake Worth, TX 76135", "city": "Lake Worth", "state": "TX", "phone": "(817)238-2405"},
    "South Fort Worth #0529": {"address": "7950 South Fwy, Fort Worth, TX 76134", "city": "Fort Worth", "state": "TX", "phone": "(817)615-4101"},
    "North Richland #0540": {"address": "6501 Ne Loop 820, N Richland Hills, TX 76180", "city": "N Richland Hills", "state": "TX", "phone": "(817)788-7460"},
    "N Fort Worth #6814": {"address": "7100 N Freeway, Fort Worth, TX 76137", "city": "Fort Worth", "state": "TX", "phone": "(817)230-2868"},
    "White Settlement #8521": {"address": "9509 White Settlement Rd, White Settlement, TX 76108", "city": "White Settlement", "state": "TX", "phone": "(817)935-2408"},
    "Precinct Line #6533": {"address": "6411 Precinct Line Rd, North Richland Hills, TX 76182", "city": "North Richland Hills", "state": "TX", "phone": "(817)605-4410"},
    "Arlington #0541": {"address": "4611 S Cooper St, Arlington, TX 76017", "city": "Arlington", "state": "TX", "phone": "(817)472-2449"},
    "Euless #0537": {"address": "251 S Industrial Blvd, Euless, TX 76040", "city": "Euless", "state": "TX", "phone": "(817)868-2460"},
    "Burleson #8438": {"address": "300 Nw John Jones, Burleson, TX 76028", "city": "Burleson", "state": "TX", "phone": "(817)426-7168"},
    "Mansfield #6568": {"address": "1725 N Us Hwy 287, Mansfield, TX 76063", "city": "Mansfield", "state": "TX", "phone": "(817)453-7066"},
    "Grand Prairie South #8517": {"address": "5280 South Hwy 360, Grand Prairie, TX 75052", "city": "Grand Prairie", "state": "TX", "phone": "(972)623-4408"},
    "Roanoke #6581": {"address": "125 E State Hwy 114, Roanoke, TX 76262", "city": "Roanoke", "state": "TX", "phone": "(817)961-7408"},
    "El Paso #0522": {"address": "11360 Rojas Dr, El Paso, TX 79936", "city": "El Paso", "state": "TX", "phone": "(915)599-7431"},
    "East El Paso #8523": {"address": "12221 Montwood Dr, El Paso, TX 79938", "city": "El Paso", "state": "TX", "phone": "(915)856-2008"},
    "El Paso (Eastlake) #0428": {"address": "12611 State Street, El Paso, TX 79928", "city": "El Paso", "state": "TX", "phone": "(915)600-1100"},
    "Bridgepoint #6584": {"address": "4038 S Port Ave, Corpus Christi, TX 78415", "city": "Corpus Christi", "state": "TX", "phone": "(361)851-5408"},
    "Corpus Christi #0526": {"address": "5041 S Padre Island Dr, Corpus Christi, TX 78411", "city": "Corpus Christi", "state": "TX", "phone": "(361)980-4000"},
    "Five Point #6564": {"address": "13202 Leopard St, Corpus Christi, TX 78410", "city": "Corpus Christi", "state": "TX", "phone": "(361)242-0407"},
    "Mcallen #0506": {"address": "409 N Jackson Ave, Pharr, TX 78577", "city": "Pharr", "state": "TX", "phone": "(956)992-7344"},
    "Mission #8519": {"address": "120 S Shary Road, Mission, TX 78572", "city": "Mission", "state": "TX", "phone": "(956)205-4408"},
    "N Mcallen #0516": {"address": "801 Trenton Rd, Mcallen, TX 78504", "city": "McAllen", "state": "TX", "phone": "(956)668-3908"},
    "Weslaco #6577": {"address": "1500 W Expressway 83, Weslaco, TX 78599", "city": "Weslaco", "state": "TX", "phone": "(956)973-2010"},
    "Harlingen #6528": {"address": "4710 S Expressway 83, Harlingen, TX 78552", "city": "Harlingen", "state": "TX", "phone": "(956)440-7779"},
    "N Brownsville #6984": {"address": "605 W Morrison Rd, Brownsville, TX 78520", "city": "Brownsville", "state": "TX", "phone": "(956)350-1410"},
    "East Lubbock #6827": {"address": "2615 50th Street, Lubbock, TX 79413", "city": "Lubbock", "state": "TX", "phone": "(806)796-4108"},
    "Lubbock #0505": {"address": "5801 West Loop 289, Lubbock, TX 79414", "city": "Lubbock", "state": "TX", "phone": "(806)788-8620"},
    "E Amarillo #6831": {"address": "2410 S Georgia Street, Amarillo, TX 79109", "city": "Amarillo", "state": "TX", "phone": "(806)354-4168"},
    "Amarillo #6552": {"address": "2500 Soncy Rd, Amarillo, TX 79124", "city": "Amarillo", "state": "TX", "phone": "(806)457-0410"},
    "Midland #0561": {"address": "4009 N Midland, Midland, TX 79707", "city": "Midland", "state": "TX", "phone": "(432)681-3402"},
    "Odessa #0562": {"address": "5181 E 42nd St, Odessa, TX 79762", "city": "Odessa", "state": "TX", "phone": "(432)368-3433"},
    "Central Plano #6833": {"address": "1801 W Parker Rd, Plano, TX 75023", "city": "Plano", "state": "TX", "phone": "(972)758-2408"},
    "Plano #0539": {"address": "1224 N Central Expy, Plano, TX 75074", "city": "Plano", "state": "TX", "phone": "(972)516-8426"},
    "North Plano #0527": {"address": "4600 State Hwy 121, Plano, TX 75024", "city": "Plano", "state": "TX", "phone": "(972)377-1404"},
    "The Colony #6562": {"address": "5321 Hwy 121, The Colony, TX 75056", "city": "The Colony", "state": "TX", "phone": "(972)624-2020"},
    "North Frisco #6513": {"address": "5995 Eldorado Pkwy, Frisco, TX 75033", "city": "Frisco", "state": "TX", "phone": "(469)633-7095"},
    "West Mckinney #6809": {"address": "252 N Custer Rd, Mckinney, TX 75071", "city": "McKinney", "state": "TX", "phone": "(972)548-5108"},
    "Wylie #6589": {"address": "951 Westgate Way, Wylie, TX 75098", "city": "Wylie", "state": "TX", "phone": "(972)941-0808"},
    "Mckinney #0528": {"address": "1515 N Central Expy, Mckinney, TX 75070", "city": "McKinney", "state": "TX", "phone": "(972)569-6780"},
    "Prosper #6106": {"address": "4450 W. University Dr., Prosper, TX 75078", "city": "Prosper", "state": "TX", "phone": "(469)296-1816"},
    "Allen #6502": {"address": "909 W Mcdermott Dr, Allen, TX 75013", "city": "Allen", "state": "TX", "phone": "(972)359-0336"},
    "Anna #0597": {"address": "200 N. Central Expressway, Anna, TX 75409", "city": "Anna", "state": "TX", "phone": "(945)777-8216"},
    "West Plano #0551": {"address": "6200 W Park Blvd, Plano, TX 75093", "city": "Plano", "state": "TX", "phone": "(972)735-9333"},
    "Richardson #0556": {"address": "2140 Jupiter Rd, Garland, TX 75044", "city": "Garland", "state": "TX", "phone": "(972)496-5292"},
    "Rockwall #0531": {"address": "765 E I-30, Rockwall, TX 75087", "city": "Rockwall", "state": "TX", "phone": "(972)772-7311"},
    "Lewisville #0524": {"address": "901 N Stemmons Pkwy, Lewisville, TX 75067", "city": "Lewisville", "state": "TX", "phone": "(972)219-9220"},
    "Flower Mound #6572": {"address": "852 Long Prairie Rd, Flower Mound, TX 75022", "city": "Flower Mound", "state": "TX", "phone": "(972)355-6604"},
    "Denton #6840": {"address": "1900 Brinker Road, Denton, TX 76208", "city": "Denton", "state": "TX", "phone": "(940)320-8168"},
    "Killeen #6526": {"address": "3201 E Central Texas Expy, Killeen, TX 76543", "city": "Killeen", "state": "TX", "phone": "(254)699-3554"},
    "Temple #6863": {"address": "3550 South General Bruce Dr, Temple, TX 76504", "city": "Temple", "state": "TX", "phone": "(254)899-6408"},
    "Georgetown #6538": {"address": "1303 Rivery Blvd, Georgetown, TX 78628", "city": "Georgetown", "state": "TX", "phone": "(512)864-2608"},
    "Cedar Park #6585": {"address": "2700 E. Whitestone Blvd., Cedar Park, TX 78613", "city": "Cedar Park", "state": "TX", "phone": "(512)528-2608"},
    "Hutto #8439": {"address": "600 W Hwy 79, Hutto, TX 78634", "city": "Hutto", "state": "TX", "phone": "(512)759-9008"},
    "Waco #6532": {"address": "5605 W Waco Dr, Waco, TX 76710", "city": "Waco", "state": "TX", "phone": "(254)761-5101"},
    "Round Rock #0504": {"address": "2551 S Interstate 35, Round Rock, TX 78664", "city": "Round Rock", "state": "TX", "phone": "(512)238-0820"},
    "Pflugerville #6808": {"address": "1517 Town Center Dr, Pflugerville, TX 78660", "city": "Pflugerville", "state": "TX", "phone": "(512)989-4608"},
    "Howard Lane #6553": {"address": "13309 I-35 North, Austin, TX 78753", "city": "Austin", "state": "TX", "phone": "(512)989-6650"},
    "Marble Falls #0514": {"address": "1307 Mormon Mills Rd, Marble Falls, TX 78654", "city": "Marble Falls", "state": "TX", "phone": "(830)798-3401"},
    "Beaumont #0501": {"address": "3910 Eastex Fwy, Beaumont, TX 77703", "city": "Beaumont", "state": "TX", "phone": "(409)923-5102"},
    "Orange #8419": {"address": "603 Strickland Drive, Orange, TX 77630", "city": "Orange", "state": "TX", "phone": "(409)882-3408"},
    "Bellmead Waco #6830": {"address": "1803 North I-35 Bellmead Waco, Waco, TX 76705", "city": "Waco", "state": "TX", "phone": "(254)412-3212"},
    "Tyler #6514": {"address": "3901 Old Jacksonville Hwy, Tyler, TX 75701", "city": "Tyler", "state": "TX", "phone": "(903)579-8230"},
    "Longview #6545": {"address": "411 E Loop 281, Longview, TX 75605", "city": "Longview", "state": "TX", "phone": "(903)757-4208"},
    "Miami (Calle Ocho) #0277": {"address": "3030 Sw 8th St, Miami, FL 33135", "city": "Miami", "state": "FL", "phone": "(305)643-8800"},
    "Coconut Grove #6856": {"address": "2999 Sw 32nd Ave, Miami, FL 33133", "city": "Miami", "state": "FL", "phone": "(305)443-3534"},
    "East Hialeah #6378": {"address": "950 Se 12th St, Hialeah, FL 33010", "city": "Hialeah", "state": "FL", "phone": "(305)883-3409"},
    "N Miami/Biscayne #6322": {"address": "12055 Biscayne Blvd, Miami, FL 33181", "city": "Miami", "state": "FL", "phone": "(305)981-2959"},
    "Flagler II #6343": {"address": "7899 W Flagler St, Miami, FL 33144", "city": "Miami", "state": "FL", "phone": "(786)388-6308"},
    "Hialeah #0202": {"address": "1590 W 49th St, Hialeah, FL 33012", "city": "Hialeah", "state": "FL", "phone": "(305)827-6693"},
    "N Miami Beach #0251": {"address": "1245 Ne 163rd St, North Miami Beach, FL 33162", "city": "North Miami Beach", "state": "FL", "phone": "(305)919-1400"},
    "NW Dade #0209": {"address": "5500 Nw 167th St, Hialeah, FL 33014", "city": "Hialeah", "state": "FL", "phone": "(305)628-5416"},
    "West Dade #0206": {"address": "11305 Sw 40th St, Miami, FL 33165", "city": "Miami", "state": "FL", "phone": "(305)222-8400"},
    "Sweetwater #3331": {"address": "1650 Nw 117th Place, Miami, FL 33182", "city": "Miami", "state": "FL", "phone": "(786)598-5400"},
    "Dixie Hwy #6306": {"address": "13501 S Dixie Hwy, Pinecrest, FL 33156", "city": "Pinecrest", "state": "FL", "phone": "(305)254-8765"},
    "Hialeah Gardens #6872": {"address": "13895 W Okeechobee Rd, Hialeah Gardens, FL 33018", "city": "Hialeah Gardens", "state": "FL", "phone": "(305)827-7014"},
    "Kendall #0210": {"address": "12700 Sw 88th St, Miami, FL 33186", "city": "Miami", "state": "FL", "phone": "(305)386-1900"},
    "Hollywood #0285": {"address": "1951 S State Rd #7, West Park, FL 33023", "city": "West Park", "state": "FL", "phone": "(954)967-6440"},
    "Deerwood #6976": {"address": "11905 Sw 152nd St, Miami, FL 33177", "city": "Miami", "state": "FL", "phone": "(305)234-2608"},
    "West Kendall #6339": {"address": "15750 Sw 88 St, Miami, FL 33196", "city": "Miami", "state": "FL", "phone": "(305)387-5119"},
    "Cutler Ridge #0207": {"address": "19400 Sw 106th Ave, Miami, FL 33157", "city": "Miami", "state": "FL", "phone": "(305)234-1400"},
    "Pembroke Pines #6852": {"address": "11001 Pines Blvd, Pembroke Pines, FL 33026", "city": "Pembroke Pines", "state": "FL", "phone": "(954)437-0513"},
    "Miramar #6353": {"address": "3183 Sw 160th Ave, Miramar, FL 33027", "city": "Miramar", "state": "FL", "phone": "(954)392-0767"},
    "North Hollywood/Stirling #6310": {"address": "3401 Oakwood Blvd, Hollywood, FL 33020", "city": "Hollywood", "state": "FL", "phone": "(954)924-2404"},
    "Millenia #6367": {"address": "4403 Millenia Plz Way, Orlando, FL 32839", "city": "Orlando", "state": "FL", "phone": "(407)903-9310"},
    "East Colonial #0266": {"address": "6130 E Colonial Dr, Orlando, FL 32807", "city": "Orlando", "state": "FL", "phone": "(407)275-4400"},
    "Winter Park #6349": {"address": "5351 Diplomat Circle, Orlando, FL 32810", "city": "Orlando", "state": "FL", "phone": "(407)691-2068"},
    "West Colonial #0261": {"address": "7022 W Colonial Dr, Orlando, FL 32818", "city": "Orlando", "state": "FL", "phone": "(407)297-1151"},
    "Southland #0232": {"address": "7423 Southland Blvd, Orlando, FL 32809", "city": "Orlando", "state": "FL", "phone": "(407)438-4414"},
    "Orlando Se #6869": {"address": "7007 Narcoossee Road, Orlando, FL 32822", "city": "Orlando", "state": "FL", "phone": "(407)384-0508"},
    "Forest City #0263": {"address": "882 W State Rd 436, Altamonte Springs, FL 32714", "city": "Altamonte Springs", "state": "FL", "phone": "(407)865-5245"},
    "Casselberry #0262": {"address": "3455 S Us Hwy 17-92, Casselberry, FL 32707", "city": "Casselberry", "state": "FL", "phone": "(407)332-9500"},
    "Alafaya Trail #6331": {"address": "350 N Alafaya Trail, Orlando, FL 32828", "city": "Orlando", "state": "FL", "phone": "(321)235-3600"},
    "South Chase #6328": {"address": "13121 S Orange Blossom Trail, Orlando, FL 32837", "city": "Orlando", "state": "FL", "phone": "(407)858-5709"},
    "Oviedo #0287": {"address": "1900 W State Rd 426, Oviedo, FL 32765", "city": "Oviedo", "state": "FL", "phone": "(407)977-4607"},
    "Apopka #8926": {"address": "1670 W Orange Blossom Trail, Apopka, FL 32712", "city": "Apopka", "state": "FL", "phone": "(407)464-1808"},
    "Lake Mary #0264": {"address": "4600 W Lake Mary Blvd, Lake Mary, FL 32746", "city": "Lake Mary", "state": "FL", "phone": "(407)333-9650"},
    "Kissimmee #0265": {"address": "2601 W Vine St, Kissimmee, FL 34741", "city": "Kissimmee", "state": "FL", "phone": "(407)943-2020"},
    "St Cloud West #6350": {"address": "4560 13th Street, Saint Cloud, FL 34769", "city": "Saint Cloud", "state": "FL", "phone": "(407)498-3268"},
    "Poinciana #6851": {"address": "1651 S Poinciana Blvd, Kissimmee, FL 34758", "city": "Kissimmee", "state": "FL", "phone": "(407)932-7963"},
    "Clermont #6375": {"address": "1530 E Hwy 50, Clermont, FL 34711", "city": "Clermont", "state": "FL", "phone": "(352)241-6609"},
    "Orange City #6323": {"address": "2300 Veterans Memorial Pkwy, Orange City, FL 32763", "city": "Orange City", "state": "FL", "phone": "(386)774-0649"},
    "Leesburg #0278": {"address": "10825 Us Hwy 441, Leesburg, FL 34788", "city": "Leesburg", "state": "FL", "phone": "(352)742-1252"},
    "Titusville #6871": {"address": "3373 Ronald Mcnair Way, Titusville, FL 32780", "city": "Titusville", "state": "FL", "phone": "(321)383-7208"},
    "Stadium #0256": {"address": "1712 N Dale Mabry Hwy, Tampa, FL 33607", "city": "Tampa", "state": "FL", "phone": "(813)878-1340"},
    "Gandy Blvd #6327": {"address": "5125 S Dale Mabry Hwy, Tampa, FL 33611", "city": "Tampa", "state": "FL", "phone": "(813)835-3410"},
    "Northgate #0279": {"address": "8815 N Florida Ave, Tampa, FL 33604", "city": "Tampa", "state": "FL", "phone": "(813)915-2401"},
    "Brandon #0243": {"address": "9941 E Adamo Dr, Tampa, FL 33619", "city": "Tampa", "state": "FL", "phone": "(813)664-0042"},
    "Hillsborough #6361": {"address": "6730 Memorial Hwy, Tampa, FL 33615", "city": "Tampa", "state": "FL", "phone": "(813)880-5430"},
    "Riverview #6380": {"address": "10151 Bloomingdale Ave, Riverview, FL 33578", "city": "Riverview", "state": "FL", "phone": "(813)740-3108"},
    "Carrollwood #0245": {"address": "16121 N Dale Mabry Hwy, Tampa, FL 33618", "city": "Tampa", "state": "FL", "phone": "(813)264-8401"},
    "East Brandon #6305": {"address": "1524 E Brandon Blvd, Brandon, FL 33511", "city": "Brandon", "state": "FL", "phone": "(813)655-6010"},
    "Bruce B Downs #6311": {"address": "17601 Bruce B Downs Blvd, Tampa, FL 33647", "city": "Tampa", "state": "FL", "phone": "(813)971-7791"},
    "Pinellas Park #0289": {"address": "4040 Park Blvd, Pinellas Park, FL 33781", "city": "Pinellas Park", "state": "FL", "phone": "(727)549-2414"},
    "St Pete #0257": {"address": "2300 22nd Ave N, Saint Petersburg, FL 33713", "city": "Saint Petersburg", "state": "FL", "phone": "(727)824-9401"},
    "Sun City #6951": {"address": "3730 Sun City Center Blvd, Ruskin, FL 33573", "city": "Ruskin", "state": "FL", "phone": "(813)633-4168"},
    "Clearwater #6357": {"address": "2495 Gulf To Bay Blvd, Clearwater, FL 33765", "city": "Clearwater", "state": "FL", "phone": "(727)793-6410"},
    "Palm Harbor #0247": {"address": "30144 Us Hwy 19 N, Clearwater, FL 33761", "city": "Clearwater", "state": "FL", "phone": "(727)789-8413"},
    "West St Petersburg #6364": {"address": "2070 Tyrone Blvd N, Saint Petersburg, FL 33710", "city": "Saint Petersburg", "state": "FL", "phone": "(727)384-7408"},
    "Largo #6321": {"address": "10689 Ulmerton Road, Largo, FL 33771", "city": "Largo", "state": "FL", "phone": "(727)559-9408"},
    "Seminole #6304": {"address": "10550 Park Blvd, Seminole, FL 33772", "city": "Seminole", "state": "FL", "phone": "(727)320-1010"},
    "Zephyrhills #8929": {"address": "32715 Eiland Blvd, Zephyrhills, FL 33545", "city": "Zephyrhills", "state": "FL", "phone": "(813)783-6208"},
    "Holiday #0288": {"address": "1315 Us Hwy 19, Holiday, FL 34691", "city": "Holiday", "state": "FL", "phone": "(727)943-3304"},
    "East Port Richey #6865": {"address": "8445 Little Road, New Port Richey, FL 34654", "city": "New Port Richey", "state": "FL", "phone": "(727)847-8408"},
    "Jacksonville (Lane Ave) #6346": {"address": "855 Lane Ave South, Jacksonville, FL 32205", "city": "Jacksonville", "state": "FL", "phone": "(904)783-7790"},
    "North Jacksonville #6351": {"address": "12111 Lem Turner Rd, Jacksonville, FL 32218", "city": "Jacksonville", "state": "FL", "phone": "(904)924-3808"},
    "Jacksonville W (Oakleaf) #6890": {"address": "9751 Crosshill Blvd, Jacksonville, FL 32222", "city": "Jacksonville", "state": "FL", "phone": "(904)771-3228"},
    "Orange Park #0275": {"address": "1919 Wells Rd, Orange Park, FL 32073", "city": "Orange Park", "state": "FL", "phone": "(904)278-6400"},
    "Mandarin #6318": {"address": "9600 San Jose Blvd, Jacksonville, FL 32257", "city": "Jacksonville", "state": "FL", "phone": "(904)486-5671"},
    "Regency Square #0272": {"address": "9520 Regency Square Blvd N, Jacksonville, FL 32225", "city": "Jacksonville", "state": "FL", "phone": "(904)855-3100"},
    "Middleburg #6935": {"address": "1575 Branan Field Road, Middleburg, FL 32068", "city": "Middleburg", "state": "FL", "phone": "(904)589-9008"},
    "Southside #0226": {"address": "9021 Southside Blvd, Jacksonville, FL 32256", "city": "Jacksonville", "state": "FL", "phone": "(904)363-8414"},
    "Fleming Island #6369": {"address": "1575 County Road 220, Orange Park, FL 32003", "city": "Orange Park", "state": "FL", "phone": "(904)541-2218"},
    "Atlantic And Girvin #6365": {"address": "12721 Atlantic Blvd, Jacksonville, FL 32225", "city": "Jacksonville", "state": "FL", "phone": "(904)220-1410"},
    "St Johns #1324": {"address": "230 Durbin Pavilion Drive, Saint Johns, FL 32259", "city": "Saint Johns", "state": "FL", "phone": "(904)417-4616"},
    "Jacksonville Beach #6974": {"address": "3790 Third Street South, Jacksonville Beach, FL 32250", "city": "Jacksonville Beach", "state": "FL", "phone": "(904)247-7225"},
    "Yulee #6921": {"address": "463785 State Road, Yulee, FL 32097", "city": "Yulee", "state": "FL", "phone": "(904)548-1208"},
    "World Commerce Center #6342": {"address": "2905 International Golf Parkway, Saint Augustine, FL 32092", "city": "Saint Augustine", "state": "FL", "phone": "(904)815-6316"},
    "St Augustine #6334": {"address": "1750 Us Hwy 1 South, Saint Augustine, FL 32084", "city": "Saint Augustine", "state": "FL", "phone": "(904)810-4977"},
    "Palatka #8531": {"address": "417 N Highway 19, Palatka, FL 32177", "city": "Palatka", "state": "FL", "phone": "(386)326-3108"},
    "E Fort Lauderdale #6372": {"address": "1000 Ne 4th Ave, Fort Lauderdale, FL 33304", "city": "Fort Lauderdale", "state": "FL", "phone": "(954)713-0669"},
    "Oakland Park #0249": {"address": "1701 W Oakland Park Blvd, Oakland Park, FL 33311", "city": "Oakland Park", "state": "FL", "phone": "(954)677-7405"},
    "Davie #0222": {"address": "2300 S University Dr, Davie, FL 33324", "city": "Davie", "state": "FL", "phone": "(954)476-9600"},
    "North Lauderdale #6312": {"address": "1195 S State Rd 7, North Lauderdale, FL 33068", "city": "North Lauderdale", "state": "FL", "phone": "(954)969-2230"},
    "Sunrise #0258": {"address": "2901 N University Dr, Sunrise, FL 33322", "city": "Sunrise", "state": "FL", "phone": "(954)747-9414"},
    "Davie II #6341": {"address": "5801 University Dr, Davie, FL 33328", "city": "Davie", "state": "FL", "phone": "(954)252-7009"},
    "Pompano Beach #0208": {"address": "1151 Nw Copans Rd, Pompano Beach, FL 33064", "city": "Pompano Beach", "state": "FL", "phone": "(954)977-5406"},
    "Coral Springs #0284": {"address": "750 N University Dr, Coral Springs, FL 33071", "city": "Coral Springs", "state": "FL", "phone": "(954)752-4188"},
    "Sawgrass #6329": {"address": "12525 W Sunrise Blvd, Sunrise, FL 33323", "city": "Sunrise", "state": "FL", "phone": "(954)837-5508"},
    "Coconut Creek #6356": {"address": "4450 N State Rd 7, Coconut Creek, FL 33073", "city": "Coconut Creek", "state": "FL", "phone": "(954)935-3280"},
    "Deerfield Beach #0218": {"address": "60 Sw 12th Ave, Deerfield Beach, FL 33442", "city": "Deerfield Beach", "state": "FL", "phone": "(954)427-0028"},
    "West Griffin #6326": {"address": "15885 Rick Case Honda Way, Davie, FL 33331", "city": "Davie", "state": "FL", "phone": "(954)385-4290"},
    "Boca Raton #0204": {"address": "9820 Glades Rd, Boca Raton, FL 33434", "city": "Boca Raton", "state": "FL", "phone": "(561)451-0240"},
    "Tallahassee #0254": {"address": "3200 Capital Cir Ne, Tallahassee, FL 32308", "city": "Tallahassee", "state": "FL", "phone": "(850)531-8400"},
    "West Tallahassee #6374": {"address": "1490 Capital Cir Nw, Tallahassee, FL 32303", "city": "Tallahassee", "state": "FL", "phone": "(850)350-1048"},
    "East Palm Beach Lakes #6320": {"address": "1550 Palm Beach Lakes Blvd, West Palm Beach, FL 33401", "city": "West Palm Beach", "state": "FL", "phone": "(561)242-1580"},
    "West Palm Beach #6330": {"address": "6800 Okeechobee Blvd, West Palm Beach, FL 33411", "city": "West Palm Beach", "state": "FL", "phone": "(561)712-5886"},
    "Lake Park #0220": {"address": "3860 Northlake Blvd, Lake Park, FL 33403", "city": "Lake Park", "state": "FL", "phone": "(561)627-9555"},
    "Lake Worth #0205": {"address": "4241 Lake Worth Rd, Lake Worth, FL 33461", "city": "Lake Worth", "state": "FL", "phone": "(561)642-2626"},
    "Royal Palm #6379": {"address": "220 South State Road 7, West Palm Beach, FL 33414", "city": "West Palm Beach", "state": "FL", "phone": "(561)422-9208"},
    "Lake Worth II #6316": {"address": "5750 Jog Rd, Lake Worth, FL 33467", "city": "Lake Worth", "state": "FL", "phone": "(561)964-2168"},
    "Lantana #3118": {"address": "7233 Seacrest Blvd, Lantana, FL 33462", "city": "Lantana", "state": "FL", "phone": "(561)764-2100"},
    "Palm Beach Gardens #3117": {"address": "5210 Donald Ross Rd, Palm Beach Gardens, FL 33418", "city": "Palm Beach Gardens", "state": "FL", "phone": "(561)946-6916"},
    "Boynton Beach #0224": {"address": "1500 Sw 8th St, Boynton Beach, FL 33426", "city": "Boynton Beach", "state": "FL", "phone": "(561)369-2216"},
    "Jupiter #0274": {"address": "1694 W Indiantown Rd, Jupiter, FL 33458", "city": "Jupiter", "state": "FL", "phone": "(561)748-1400"},
    "West Delray #6325": {"address": "15050 Jog Rd, Delray Beach, FL 33446", "city": "Delray Beach", "state": "FL", "phone": "(561)498-1251"},
    "East Delray Beach #6315": {"address": "1400 Waterford Place, Delray Beach, FL 33444", "city": "Delray Beach", "state": "FL", "phone": "(561)272-5127"},
    "Stuart #6314": {"address": "3030 Se Federal Hwy, Stuart, FL 34994", "city": "Stuart", "state": "FL", "phone": "(772)223-7216"},
    "Gainesville Ne #1854": {"address": "5150 Nw 13th Street, Gainesville, FL 32609", "city": "Gainesville", "state": "FL", "phone": "(352)548-3671"},
    "Gainesville #0270": {"address": "7107 Nw 4th Blvd, Gainesville, FL 32607", "city": "Gainesville", "state": "FL", "phone": "(352)332-7440"},
    "Ocala #0253": {"address": "3300 Sw 35th Terrace, Ocala, FL 34474", "city": "Ocala", "state": "FL", "phone": "(352)873-1144"},
    "Lake City #6864": {"address": "215 Sw Home Depot Drive, Lake City, FL 32025", "city": "Lake City", "state": "FL", "phone": "(386)719-5008"},
    "Lakeland #0248": {"address": "2805 Us Highway 98 N, Lakeland, FL 33805", "city": "Lakeland", "state": "FL", "phone": "(863)284-5482"},
    "South Lakeland #6324": {"address": "6335 S Florida Ave, Lakeland, FL 33813", "city": "Lakeland", "state": "FL", "phone": "(863)619-2403"},
    "Winter Haven #6371": {"address": "2000 8th St Nw, Winter Haven, FL 33881", "city": "Winter Haven", "state": "FL", "phone": "(863)292-4208"},
    "Lake Wales #0203": {"address": "24201 North Us Hwy 27, Lake Wales, FL 33859", "city": "Lake Wales", "state": "FL", "phone": "(863)679-3000"},
    "Daytona Beach #0233": {"address": "2455 W Int'l Speedway Blvd, Daytona Beach, FL 32114", "city": "Daytona Beach", "state": "FL", "phone": "(386)257-5114"},
    "Port Orange #6335": {"address": "1551 Dunlawton Ave, Port Orange, FL 32127", "city": "Port Orange", "state": "FL", "phone": "(386)760-6498"},
    "New Smyrna Beach #6936": {"address": "2359 State Rd 44, New Smyrna Beach, FL 32168", "city": "New Smyrna Beach", "state": "FL", "phone": "(386)426-7520"},
    "Palm Coast #6363": {"address": "10 Garden St North, Palm Coast, FL 32137", "city": "Palm Coast", "state": "FL", "phone": "(386)246-5309"},
    "Sarasota #0255": {"address": "4111 Cattleman Rd, Sarasota, FL 34233", "city": "Sarasota", "state": "FL", "phone": "(941)329-2730"},
    "E Bradenton #6319": {"address": "5475 University Pkwy, Bradenton, FL 34201", "city": "Bradenton", "state": "FL", "phone": "(941)360-7410"},
    "Bradenton #0244": {"address": "2350 Cortez Rd West, Bradenton, FL 34207", "city": "Bradenton", "state": "FL", "phone": "(941)753-7777"},
    "NE Bradenton #1863": {"address": "5820 State Route 64 E, Bradenton, FL 34208", "city": "Bradenton", "state": "FL", "phone": "(941)213-6716"},
    "Venice #0273": {"address": "2450 Jacaranda Blvd, Venice, FL 34293", "city": "Venice", "state": "FL", "phone": "(941)408-9400"},
    "North Port #8528": {"address": "18000 Tamiami Trail, North Port, FL 34287", "city": "North Port", "state": "FL", "phone": "(941)240-6912"},
    "Port Charlotte #0201": {"address": "19690 Cochran Blvd, Port Charlotte, FL 33948", "city": "Port Charlotte", "state": "FL", "phone": "(941)235-5408"},
    "Englewood #1855": {"address": "12621 Mccall Road, Port Charlotte, FL 33981", "city": "Port Charlotte", "state": "FL", "phone": "(941)698-7408"},
    "Punta Gorda #6950": {"address": "3941 Tamiami Trail #1111, Punta Gorda, FL 33950", "city": "Punta Gorda", "state": "FL", "phone": "(941)833-4808"},
    "Ft Myers East #8444": {"address": "3402 Forum Blvd, Fort Myers, FL 33905", "city": "Fort Myers", "state": "FL", "phone": "(239)274-1108"},
    "Cape Coral #0268": {"address": "3031 Ne Pine Island Rd, Cape Coral, FL 33909", "city": "Cape Coral", "state": "FL", "phone": "(239)656-7227"},
    "Fort Myers #0276": {"address": "14655 S Tamiami Trail, Fort Myers, FL 33912", "city": "Fort Myers", "state": "FL", "phone": "(239)433-8090"},
    "South Cape Coral #6975": {"address": "2508 Skyline Boulevard, Cape Coral, FL 33914", "city": "Cape Coral", "state": "FL", "phone": "(239)242-1968"},
    "Estero #3119": {"address": "16972 Three Oaks Marketplace Dr, Fort Myers, FL 33912", "city": "Fort Myers", "state": "FL", "phone": "(239)387-6600"},
    "Bonita Springs #6373": {"address": "11941 Bonita Beach Rd Se, Bonita Springs, FL 34135", "city": "Bonita Springs", "state": "FL", "phone": "(239)390-3109"},
    "Naples #0280": {"address": "2251 Pine Ridge Rd, Naples, FL 34109", "city": "Naples", "state": "FL", "phone": "(239)592-2401"},
    "South Naples #6348": {"address": "1651 Airport Pulling Rd S, Naples, FL 34112", "city": "Naples", "state": "FL", "phone": "(239)213-1900"},
    "Manhattan West 23rd St #6175": {"address": "40 West 23rd Street, New York, NY 10010", "city": "New York", "state": "NY", "phone": "(212)337-5480"},
    "Midtown Manhattan (Relo 6177) #6140": {"address": "410 East 61st Street, New York, NY 10065", "city": "New York", "state": "NY", "phone": "(212)209-0500"},
    "Long Island City #1255": {"address": "50-10 Northern Blvd, Long Island City, NY 11101", "city": "Long Island City", "state": "NY", "phone": "(718)777-4580"},
    "Bedford Stuyvesant #6957": {"address": "230 Nostrand Avenue, Brooklyn, NY 11205", "city": "Brooklyn", "state": "NY", "phone": "(718)623-4208"},
    "Maspeth #6120": {"address": "59-15 Maurice Avenue, Maspeth, NY 11378", "city": "Maspeth", "state": "NY", "phone": "(347)665-0316"},
    "Bulova/Queens #6844": {"address": "73-01 25th Avenue, East Elmhurst, NY 11370", "city": "East Elmhurst", "state": "NY", "phone": "(718)507-9007"},
    "Brooklyn #1225": {"address": "550 Hamilton Ave, Brooklyn, NY 11232", "city": "Brooklyn", "state": "NY", "phone": "(718)369-8408"},
    "Bronx Terminal #6891": {"address": "600 Exterior Street, Bronx, NY 10451", "city": "Bronx", "state": "NY", "phone": "(718)742-4705"},
    "Woodhaven Blvd/Queens #1220": {"address": "75-09 Woodhaven Blvd, Glendale, NY 11385", "city": "Glendale", "state": "NY", "phone": "(718)830-3090"},
    "College Point #1277": {"address": "124-04 31st Ave, Flushing, NY 11354", "city": "Flushing", "state": "NY", "phone": "(718)661-6790"},
    "Flushing #1214": {"address": "131-35 Avery Ave, Flushing, NY 11355", "city": "Flushing", "state": "NY", "phone": "(718)670-3420"},
    "Starett City #6152": {"address": "579 Gateway Dr, Brooklyn, NY 11239", "city": "Brooklyn", "state": "NY", "phone": "(718)348-2369"},
    "Bruckner Blvd And Brush #6877": {"address": "2560 Bruckner Blvd, Bronx, NY 10465", "city": "Bronx", "state": "NY", "phone": "(718)409-6714"},
    "Ozone Park #1215": {"address": "11220 Rockaway Blvd, South Ozone Park, NY 11420", "city": "South Ozone Park", "state": "NY", "phone": "(718)529-7273"},
    "Mill Basin #6158": {"address": "5700 Avenue U, Brooklyn, NY 11234", "city": "Brooklyn", "state": "NY", "phone": "(718)692-7296"},
    "Staten Island East #6150": {"address": "545 Targee St, Staten Island, NY 10304", "city": "Staten Island", "state": "NY", "phone": "(718)420-5470"},
    "Cropsey #1256": {"address": "2970 Cropsey Ave, Brooklyn, NY 11214", "city": "Brooklyn", "state": "NY", "phone": "(718)333-8710"},
    "Staten Island #1249": {"address": "2501 Forest Ave, Staten Island, NY 10303", "city": "Staten Island", "state": "NY", "phone": "(718)420-2401"},
    "Staten Island South #1281": {"address": "2750 Veterans Road West, Staten Island, NY 10309", "city": "Staten Island", "state": "NY", "phone": "(718)608-8408"},
    "Bronx #1221": {"address": "1806 E Gunhill Rd, Bronx, NY 10469", "city": "Bronx", "state": "NY", "phone": "(718)319-2401"},
    "North Buffalo #1234": {"address": "2100 Elmwood Ave, Buffalo, NY 14207", "city": "Buffalo", "state": "NY", "phone": "(716)871-8400"},
    "Cheektowaga #1228": {"address": "300 Thruway Plaza Dr, Cheektowaga, NY 14225", "city": "Cheektowaga", "state": "NY", "phone": "(716)897-7400"},
    "Seneca #1231": {"address": "1881 Ridge Rd, West Seneca, NY 14224", "city": "West Seneca", "state": "NY", "phone": "(716)677-7401"},
    "Hamburg #1286": {"address": "4405 Milestrip Rd, Buffalo, NY 14219", "city": "Buffalo", "state": "NY", "phone": "(716)825-0872"},
    "Amherst #1233": {"address": "2065 Niagara Falls Blvd, Amherst, NY 14228", "city": "Amherst", "state": "NY", "phone": "(716)639-9600"},
    "Clarence #1230": {"address": "4139 Transit Rd, Williamsville, NY 14221", "city": "Williamsville", "state": "NY", "phone": "(716)635-0400"},
    "Niagara Falls #1287": {"address": "750 Builders Way, Niagara Falls, NY 14304", "city": "Niagara Falls", "state": "NY", "phone": "(716)236-0761"},
    "Lockport #1268": {"address": "5730 S Transit Rd, Lockport, NY 14094", "city": "Lockport", "state": "NY", "phone": "(716)439-4898"},
    "Batavia #6168": {"address": "4181 Veterans Memorial Dr Dr, Batavia, NY 14020", "city": "Batavia", "state": "NY", "phone": "(585)345-6678"},
    "Dunkirk #6169": {"address": "3901 Vineyard Dr, Dunkirk, NY 14048", "city": "Dunkirk", "state": "NY", "phone": "(716)679-2408"},
    "Irondequoit #1273": {"address": "1111 E Ridge Rd, Rochester, NY 14621", "city": "Rochester", "state": "NY", "phone": "(585)342-0970"},
    "Greece #1244": {"address": "1250 West Ridge Rd, Greece, NY 14615", "city": "Greece", "state": "NY", "phone": "(585)621-0420"},
    "Henrietta #1246": {"address": "770 Jefferson Road, Rochester, NY 14623", "city": "Rochester", "state": "NY", "phone": "(585)427-0390"},
    "Gates #1278": {"address": "2361 Buffalo Rd, Rochester, NY 14624", "city": "Rochester", "state": "NY", "phone": "(585)429-1006"},
    "Penfield /Rochester #1247": {"address": "750 Panorama Trails S, Rochester, NY 14625", "city": "Rochester", "state": "NY", "phone": "(585)385-4090"},
    "Victor #1264": {"address": "7600 Commons Blvd, Victor, NY 14564", "city": "Victor", "state": "NY", "phone": "(585)421-5402"},
    "Dewitt/E Syracuse #1236": {"address": "5814 Bridge St, East Syracuse, NY 13057", "city": "East Syracuse", "state": "NY", "phone": "(315)449-8500"},
    "Camillus #1257": {"address": "3756 Milton Avenue, Camillus, NY 13031", "city": "Camillus", "state": "NY", "phone": "(315)484-7240"},
    "Cicero #1235": {"address": "7922 Brewerton Road, Cicero, NY 13039", "city": "Cicero", "state": "NY", "phone": "(315)699-5440"},
    "Clay #6153": {"address": "3861 State Route 31, Liverpool, NY 13090", "city": "Liverpool", "state": "NY", "phone": "(315)622-6060"},
    "Auburn #6846": {"address": "1634 Clark Street Rd, Auburn, NY 13021", "city": "Auburn", "state": "NY", "phone": "(315)252-4540"},
    "Utica #1254": {"address": "545 French Road, New Hartford, NY 13413", "city": "New Hartford", "state": "NY", "phone": "(315)797-5300"},
    "Ithaca #6155": {"address": "410 Elmira Rd Bldg 1, Ithaca, NY 14850", "city": "Ithaca", "state": "NY", "phone": "(607)254-4008"},
    "North Greenbush #1263": {"address": "600 N Greenbush Rd, Rensselaer, NY 12144", "city": "Rensselaer", "state": "NY", "phone": "(518)286-7408"},
    "Albany #1262": {"address": "979 Central Ave, Albany, NY 12205", "city": "Albany", "state": "NY", "phone": "(518)451-1470"},
    "Albany #1241": {"address": "161 Washington Ave Ext, Albany, NY 12205", "city": "Albany", "state": "NY", "phone": "(518)452-8520"},
    "Latham #1259": {"address": "579 Troy-schenectady Rd, Latham, NY 12110", "city": "Latham", "state": "NY", "phone": "(518)220-4410"},
    "Schenectady #1239": {"address": "2500 Cambridge Rd, Schenectady, NY 12304", "city": "Schenectady", "state": "NY", "phone": "(518)388-1439"},
    "Clifton Park #1269": {"address": "4 Halfmoon Crossing Blvd, Halfmoon, NY 12065", "city": "Halfmoon", "state": "NY", "phone": "(518)348-0158"},
    "Catskill #6176": {"address": "695 Rt 23b, Leeds, NY 12451", "city": "Leeds", "state": "NY", "phone": "(518)943-6208"},
    "Amsterdam #1289": {"address": "135 Hannaford Plaza, Amsterdam, NY 12010", "city": "Amsterdam", "state": "NY", "phone": "(518)843-1275"},
    "Saratoga Springs #1223": {"address": "3043 Route 50, Saratoga Springs, NY 12866", "city": "Saratoga Springs", "state": "NY", "phone": "(518)581-6480"},
    "Glens Falls #6160": {"address": "820 Route 9, Queensbury, NY 12804", "city": "Queensbury", "state": "NY", "phone": "(518)743-2408"},
    "Kingston/Ulster #1227": {"address": "1122 Ulster Ave, Kingston, NY 12401", "city": "Kingston", "state": "NY", "phone": "(845)336-4575"},
    "Yonkers #1248": {"address": "601 South Sprain Rd, Yonkers, NY 10710", "city": "Yonkers", "state": "NY", "phone": "(914)963-3003"},
    "New Rochelle #1245": {"address": "55 Weyman Ave, New Rochelle, NY 10805", "city": "New Rochelle", "state": "NY", "phone": "(914)235-7575"},
    "Mount Pleasant #8456": {"address": "1 Saw Mill River Road, Hawthorne, NY 10532", "city": "Hawthorne", "state": "NY", "phone": "(914)593-1488"},
    "West Nyack #1217": {"address": "2024 Palisades Ctr Dr, West Nyack, NY 10994", "city": "West Nyack", "state": "NY", "phone": "(845)348-0566"},
    "Port Chester #1212": {"address": "150 Midland Ave, Port Chester, NY 10573", "city": "Port Chester", "state": "NY", "phone": "(914)690-9745"},
    "Nanuet #1261": {"address": "43 Hutton Ave, Nanuet, NY 10954", "city": "Nanuet", "state": "NY", "phone": "(845)627-7740"},
    "Hempstead #1274": {"address": "172 Fulton Ave, Hempstead, NY 11550", "city": "Hempstead", "state": "NY", "phone": "(516)560-2390"},
    "Raceway #8465": {"address": "1300-1320 Corporate Drive, Westbury, NY 11590", "city": "Westbury", "state": "NY", "phone": "(516)683-2368"},
    "Freeport #1206": {"address": "160 E Sunrise Hwy, Freeport, NY 11520", "city": "Freeport", "state": "NY", "phone": "(516)377-3417"},
    "Elmont #1208": {"address": "600 Hempstead Turnpike, Elmont, NY 11003", "city": "Elmont", "state": "NY", "phone": "(516)488-0322"},
    "Levittown #6105": {"address": "3350 Hempstead Turnpike, Levittown, NY 11756", "city": "Levittown", "state": "NY", "phone": "(516)861-1416"},
    "Jericho #1213": {"address": "86 Jericho Turnpike, Jericho, NY 11753", "city": "Jericho", "state": "NY", "phone": "(516)876-7302"},
    "Valley Stream #1216": {"address": "101 Green Acres Road, Valley Stream, NY 11581", "city": "Valley Stream", "state": "NY", "phone": "(516)823-0700"},
    "Springfield Gardens #1238": {"address": "13220 Merrick Blvd, Jamaica, NY 11434", "city": "Jamaica", "state": "NY", "phone": "(718)977-7610"},
    "Jamaica #6928": {"address": "92-30 168th Street, Jamaica, NY 11433", "city": "Jamaica", "state": "NY", "phone": "(718)557-6968"},
    "Syosset #8466": {"address": "111 Jericho Turnpike, Syosset, NY 11791", "city": "Syosset", "state": "NY", "phone": "(516)496-6968"},
    "Farmingdale #1267": {"address": "202 Airport Plaza, Farmingdale, NY 11735", "city": "Farmingdale", "state": "NY", "phone": "(631)420-3410"},
    "Copiague #1218": {"address": "1101 Sunrise Highway, Copiague, NY 11726", "city": "Copiague", "state": "NY", "phone": "(631)841-5404"},
    "Huntington #1272": {"address": "785 New York Avenue, Huntington, NY 11743", "city": "Huntington", "state": "NY", "phone": "(631)424-9170"}
  },
  "progress": {
    "current_category": "Earth-Moving Equipment",
    "current_type": "Mini Excavators",
    "current_model": "2,000 lb. Mini Excavator (1-Ton)",
    "completed_searches": ["TX:All 25 cities", "FL:All 25 cities", "NY:All 20 cities"],
    "stores_collected": 263,
    "cities_searched": 70,
    "total_cities": 70,
    "models_completed": ["2,000 lb. Mini Excavator (1-Ton)"],
    "models_remaining": ["3,000-4,000 lb", "5,000-6,000 lb", "7,000-8,000 lb", "9,000-10,000 lb", "11,000-12,000 lb"]
  }
}
