Branch Name,Address,City,State,ZIP,Phone,Email,Type
Equipment Share - Catlett VA,4184 Old Calverton Rd,Catlett,VA,20119,571-781-9225,eddie.parsons@equipmentshare.com,Rental House/Dealer
Equipment Share - Seekonk MA,45 Industrial Ct,Seekonk,MA,2771,774-991-8750,eddie.parsons@equipmentshare.com,Rental House/Dealer
Equipment Share - Caddo Mills TX,4047 I-30,Caddo Mills,TX,75135,972-853-6380,eddie.parsons@equipmentshare.com,Rental House/Dealer
Equipment Share - Houston (Tomball) TX,22311 Hufsmith - Kohrville Rd,Tomball,TX,77375,832-271-7778,eddie.parsons@equipmentshare.com,Rental House/Dealer
Equipment Share - Virginia Beach VA,740 S Military Hwy,Virginia Beach,VA,23464,757-612-4450,eddie.parsons@equipmentshare.com,Rental House/Dealer
Equipment Share - Fort Pierce FL,15701 Orange Ave,Fort Pierce,FL,34945,772-710-1600,,Rental House/Dealer
Equipment Share - Spokane WA,4009 E Francis Ave,Spokane,WA,99217,509-309-6510,eddie.parsons@equipmentshare.com,Rental House/Dealer
Equipment Share - Milwaukee WI,11721 W Carmen Ave,Milwaukee,WI,53225,414-930-3910,eddie.parsons@equipmentshare.com,Rental House/Dealer
Equipment Share - Charleston SC,10179 US-78,Ladson,SC,29456,843-410-7717,eddie.parsons@equipmentshare.com,Rental House/Dealer
Equipment Share - Perry GA,204 Valley Dr,Perry,GA,31069,478-313-7200,eddie.parsons@equipmentshare.com,Rental House/Dealer
Equipment Share - Port Charlotte FL,19500 Peachland Blvd,Port Charlotte,FL,33948,941-267-8990,eddie.parsons@equipmentshare.com,Rental House/Dealer
Equipment Share - Oklahoma City OK,1535 SE 25th St,Oklahoma City,OK,73129,405-310-8700,eddie.parsons@equipmentshare.com,Rental House/Dealer
Equipment Share - Odessa TX,16611 W Basin St,Odessa,TX,79763,432-280-0055,eddie.parsons@equipmentshare.com,Rental House/Dealer
Equipment Share - Anderson SC,109 Ryder Ln,Anderson,SC,29625,864-533-8643,eddie.parsons@equipmentshare.com,Rental House/Dealer
Equipment Share - Austin (Hutto) TX,1251 Co Rd 118,Hutto,TX,78634,512-851-1055,eddie.parsons@equipmentshare.com,Rental House/Dealer
Equipment Share - San Antonio TX,5433 Randolph Blvd,San Antonio,TX,78233,830-201-3334,eddie.parsons@equipmentshare.com,Rental House/Dealer
Equipment Share - Tucson AZ,5401 S Arcadia Ave,Tucson,AZ,85706,520-307-1435,eddie.parsons@equipmentshare.com,Rental House/Dealer
Equipment Share - Fort Worth (South) TX,16615 US-377,Fort Worth,TX,76126,682-540-5013,eddie.parsons@equipmentshare.com,Rental House/Dealer
Equipment Share - Tampa FL,1504 Tampa East Boulevard,Tampa,FL,33619,813-341-4646,eddie.parsons@equipmentshare.com,Rental House/Dealer
Equipment Share - Louisville KY,9012 Vista Hills Blvd,Louisville,KY,40291,502-888-7501,eddie.parsons@equipmentshare.com,Rental House/Dealer
Equipment Share - Calvert City,277 Cypress Creek Dr,Calvert City,KY,42029,270-816-9536,eddie.parsons@equipmentshare.com,Rental House/Dealer
Equipment Share - Madera CA,23349 Ave 18 1/2,Madera,CA,93638,559-317-9678,eddie.parsons@equipmentshare.com,Rental House/Dealer
Equipment Share - Palmetto FL,11504 31st Terrace E,Palmetto,FL,34221,407-473-2839,eddie.parsons@equipmentshare.com,Rental House/Dealer
Equipment Share - Colorado Springs CO,1145 S El Paso St,Colorado Springs,CO,80903,720-241-4636,eddie.parsons@equipmentshare.com,Rental House/Dealer
Equipment Share - Baltimore MD,Shannon Dr,Baltimore,MD,21213,443-928-0156,eddie.parsons@equipmentshare.com,Rental House/Dealer
Equipment Share - Indianapolis IN,6901 E 38th St,Indianapolis,IN,46226,463-777-6002,eddie.parsons@equipmentshare.com,Rental House/Dealer
Equipment Share - Seattle WA,13535 68th Ave S,Seattle,WA,98178,206-962-2828,eddie.parsons@equipmentshare.com,Rental House/Dealer
Equipment Share - Irving TX (Formerly Landmark Equipment Rental),1351 S Loop 12,Irving,TX,75060,972-579-9999,a.gutierrez@landmarkeq.com,Rental House/Dealer
Equipment Share - Miami FL,12601 West Okeechobee Road,Hialeah,FL,33018,305-821-2273,eddie.parsons@equipmentshare.com,Rental House/Dealer
Equipment Share - Fort Myers FL,3051 Hanson Street,Fort Myers,FL,33916,813-341-4646,eddie.parsons@equipmentshare.com,Rental House/Dealer
Equipment Share - Wichita KS,3250 N Hydraulic Ave,Wichita,KS,67219,316-838-3346,eddie.parsons@equipmentshare.com,Rental House/Dealer
Equipment Share - Newark CA,6565 Smith Ave,Newark,CA,94560,510-400-5024,eddie.parsons@equipmentshare.com,Rental House/Dealer
Equipment Share - Carlsbad NM,2580 S Canal St,Carlsbad,NM,88220,575-885-5455,eddie.parsons@equipmentshare.com,Rental House/Dealer
Equipment Share - Philadelphia (Camden) NJ,1521 Admiral Wilson Blvd,Pennsauken Township,NJ,8109,609-922-6713,eddie.parsons@equipmentshare.com,Rental House/Dealer
Equipment Share - El Paso TX,14061 Montana Ave,El Paso,TX,79938,915-260-6662,eddie.parsons@equipmentshare.com,Rental House/Dealer
Equipment Share - Portland OR,17311 NE Halsey St,Portland,OR,97230,971-277-2887,eddie.parsons@equipmentshare.com,Rental House/Dealer
Equipment Share - Albuquerque NM,8301 Broadway Blvd SE,Albuquerque,NM,87105,505-379-0913,eddie.parsons@equipmentshare.com,Rental House/Dealer
Equipment Share - Casper WY,8655 Delta Dr,Casper,WY,82604,307-248-3804,eddie.parsons@equipmentshare.com,Rental House/Dealer
Equipment Share - Centennial (Denver) CO,15427 E Fremont Dr,Englewood,CO,80112,720-414-2044,eddie.parsons@equipmentshare.com,Rental House/Dealer
Equipment Share - Richmond VA,1800 Ruffin Mill Cir,Colonial Heights,VA,23834,804-835-2062,eddie.parsons@equipmentshare.com,Rental House/Dealer
Equipment Share - San Diego CA,2590 Main St,Chula Vista,CA,91911,619-510-6825,eddie.parsons@equipmentshare.com,Rental House/Dealer
Equipment Share - Fort Lupton CO,15549 State Hwy 52,Fort Lupton,CO,80621,303-718-0642,eddie.parsons@equipmentshare.com,Rental House/Dealer
Equipment Share - Nashville TN,4235 Murfreesboro Pike,La Vergne,TN,37086,615-933-8118,eddie.parsons@equipmentshare.com,Rental House/Dealer
Equipment Share - Sacramento CA,7400 14th Ave,Sacramento,CA,95820,916-333-7833,eddie.parsons@equipmentshare.com,Rental House/Dealer
Equipment Share - Columbus OH,1605 Thrailkill Rd,Grove City,OH,43123,614-600-8981,eddie.parsons@equipmentshare.com,Rental House/Dealer
Equipment Share - Phoenix AZ,2035 W Mountain View Rd,Phoenix,AZ,85021,480-463-4999,eddie.parsons@equipmentshare.com,Rental House/Dealer
Equipment Share - Reno NV,3223 Mill St,Reno,NV,89502,775-525-4572,eddie.parsons@equipmentshare.com,Rental House/Dealer
Equipment Share - Pasco WA,1125 E Spokane St,Pasco,WA,99301,509-380-6044,eddie.parsons@equipmentshare.com,Rental House/Dealer
Equipment Share - Las Vegas NV,412 E Gowan Rd,North Las Vegas,NV,89032,725-221-0051,eddie.parsons@equipmentshare.com,Rental House/Dealer
Equipment Share - Salt Lake City UT,295 S Redwood Rd,North Salt Lake,UT,84054,801-893-6388,eddie.parsons@equipmentshare.com,Rental House/Dealer
Equipment Share - Garden City (Boise) ID,4665 W Chinden Blvd,Boise,ID,83714,208-781-1404,eddie.parsons@equipmentshare.com,Rental House/Dealer
Equipment Share - Memphis TN,4033 Lamar Ave,Memphis,TN,38118,662-352-8588,eddie.parsons@equipmentshare.com,Rental House/Dealer
Equipment Share - Springfield MO,7096 W Carnahan St,Springfield,MO,65802,417-708-4400,eddie.parsons@equipmentshare.com,Rental House/Dealer
Equipment Share - Alabaster (Birmingham) AL,1959 Fulton Springs Rd,Alabaster,AL,35007,205-730-0770,eddie.parsons@equipmentshare.com,Rental House/Dealer
Equipment Share - Savannah GA,145 Thunderbird Dr,Richmond Hill,GA,31324,912-525-2505,eddie.parsons@equipmentshare.com,Rental House/Dealer
Equipment Share - Springdale AR,1951 Electric Ave,Springdale,AR,72764,479-316-2212,eddie.parsons@equipmentshare.com,Rental House/Dealer
Equipment Share - Little Rock AR,4726 Thibault Rd,Little Rock,AR,72206,501-490-9974,eddie.parsons@equipmentshare.com,Rental House/Dealer
Equipment Share - Pine Bluff (Whitehall) AR,6514 W Barraque St,White Hall,AR,71602,870-550-9223,eddie.parsons@equipmentshare.com,Rental House/Dealer
Equipment Share - Jacksonville FL,11250 Business Park Blvd,Jacksonville,FL,32256,904-574-5151,eddie.parsons@equipmentshare.com,Rental House/Dealer
Equipment Share - Tulsa OK,1703 N 161st E Ave,Tulsa,OK,74116,918-921-1800,eddie.parsons@equipmentshare.com,Rental House/Dealer
Equipment Share - Atlanta (Conyers) GA,1890 Dogwood Dr SE,Conyers,GA,30013,678-971-2022,eddie.parsons@equipmentshare.com,Rental House/Dealer
Equipment Share - Chattanooga TN,4840 Geminus Dr,Chattanooga,TN,37416,423-497-1122,eddie.parsons@equipmentshare.com,Rental House/Dealer
Equipment Share - Weldon Spring (St Louis) MO,801 Westwood Industrial Park Dr,Weldon Spring,MO,63304,636-481-0033,eddie.parsons@equipmentshare.com,Rental House/Dealer
Equipment Share - Kansas City MO,7201 E Front St,KCMO,MO,64120,816-216-6550,eddie.parsons@equipmentshare.com,Rental House/Dealer
Equipment Share - Monroe LA,7600 US-165,Monroe,LA,71203,318-302-8788,eddie.parsons@equipmentshare.com,Rental House/Dealer
Equipment Share - Sanford FL,3219 S Orlando Dr,Sanford,FL,32773,321-270-7272,eddie.parsons@equipmentshare.com,Rental House/Dealer
Equipment Share - Shreveport LA,5620 N Industry Rd,Shreveport,LA,71107,318-588-8688,eddie.parsons@equipmentshare.com,Rental House/Dealer
Equipment Share - Tyler TX,1761 S Tyler St,Gladewater,TX,75647,903-421-3931,eddie.parsons@equipmentshare.com,Rental House/Dealer
Equipment Share - Lake Charles LA,2919 E Napoleon St,Sulphur,LA,70663,337-516-2020,eddie.parsons@equipmentshare.com,Rental House/Dealer
Equipment Share - Grand Prairie (Dallas) TX,3205 Roy Orr Blvd,Grand Prairie,TX,75050,972-737-1919,eddie.parsons@equipmentshare.com,Rental House/Dealer
Equipment Share - Pasadena TX,5826 Red Bluff Rd,Pasadena,TX,77505,281-819-3313,eddie.parsons@equipmentshare.com,Rental House/Dealer
Equipment Share - New Orleans LA,2450 Destrehan Ave,Harvey,LA,70058,504-330-3208,eddie.parsons@equipmentshare.com,Rental House/Dealer
Equipment Share - Ft Worth (Keller) TX,1675 S Main St,Keller,TX,76248,817-717-7616,eddie.parsons@equipmentshare.com,Rental House/Dealer
Equipment Share - Baton Rouge LA,2555 E Hwy 30,St Gabriel,LA,70776,225-713-3223,eddie.parsons@equipmentshare.com,Rental House/Dealer
Equipment Share - Beaumont TX,10097 US-90,Beaumont,TX,77713,409-209-4004,eddie.parsons@equipmentshare.com,Rental House/Dealer
Equipment Share - Houston Southwest TX,6811 McHard Rd,Houston,TX,77053,346-435-2899,eddie.parsons@equipmentshare.com,Rental House/Dealer
Equipment Share - Victoria TX,1809 John Stockbauer Dr,Victoria,TX,77901,361-333-5560,eddie.parsons@equipmentshare.com,Rental House/Dealer
Equipment Share - Midland TX,2323 E County Rd 123,Midland,TX,79706,432-217-5789,eddie.parsons@equipmentshare.com,Rental House/Dealer
Equipment Share - Corpus Christi TX,5530 Transport Industrial Dr,Corpus Christi,TX,78405,361-520-4445,eddie.parsons@equipmentshare.com,Rental House/Dealer
Equipment Share - Joplin MO,5430 State Hwy 43,Joplin,MO,64804,417-781-8222,eddie.parsons@equipmentshare.com,Rental House/Dealer
Equipment Share - Olive Branch MS,7400 Craft-Goodman Rd,Olive Branch,MS,38654,662-352-8588,eddie.parsons@equipmentshare.com,Rental House/Dealer
Equipment Share - Colton CA,15495 Arrow Route,Fontana,CA,92335,900-955-4485,eddie.parsons@equipmentshare.com,Rental House/Dealer
Equipment Share - Cincinnati OH,8340 N Gilmore Rd,Hamilton,OH,45015,513-520-0371,eddie.parsons@equipmentshare.com,Rental House/Dealer
Equipment Share - Topeka KS,1305 SW 42nd St,Topeka,KS,66609,785-783-4944,eddie.parsons@equipmentshare.com,Rental House/Dealer
Equipment Share - Garden City KS,2203 Jones Ave,Garden City,KS,67846,620-275-1996,eddie.parsons@equipmentshare.com,Rental House/Dealer
Equipment Share - Stafford VA,40 Venture Dr,Stafford,VA,22554,540-834-9159,eddie.parsons@equipmentshare.com,Rental House/Dealer
Equipment Share - Charlotte NC,10601 Reames Rd,Charlotte,NC,28269,980-316-9244,eddie.parsons@equipmentshare.com,Rental House/Dealer
Equipment Share - Eugene OR,2435 Prairie Rd,Eugene,OR,97402,458-210-4701,eddie.parsons@equipmentshare.com,Rental House/Dealer
Equipment Share - Belle Vernon PA,203 Finley Rd,Belle Vernon,PA,15012,724-366-4942,eddie.parsons@equipmentshare.com,Rental House/Dealer
Equipment Share - Fontana CA,15495 Arrow Route,Fontana,CA,92335,909-219-0084,eddie.parsons@equipmentshare.com,Rental House/Dealer
Equipment Share - Theodore (Mobile) AL,8765 Bellingrath Rd,Theodore,AL,36582,251-654-8394,eddie.parsons@equipmentshare.com,Rental House/Dealer
Equipment Share - Southwest Chicago IL,4044 McDonough St,Joliet,IL,60431,630-740-0609,eddie.parsons@equipmentshare.com,Rental House/Dealer
Equipment Share - Billings MT,7070 Niehenke Ave,Billings,MT,59101,406-601-0333,eddie.parsons@equipmentshare.com,Rental House/Dealer
Equipment Share - Grand Juction CO,719 Arrowest Ct,Grand Junction,CO,81505,970-200-9068,eddie.parsons@equipmentshare.com,Rental House/Dealer
Equipment Share - Williston ND,5060 Bennett Loop,Williston,ND,58801,701-651-7011,eddie.parsons@equipmentshare.com,Rental House/Dealer
Equipment Share - Gallup NM,2323 U.S. Rt. 66,Gallup,NM,87301,505-879-1093,eddie.parsons@equipmentshare.com,Rental House/Dealer
Equipment Share - Yuma AZ,3251 Gila Ridge Rd,Yuma,AZ,85365,928-200-2530,eddie.parsons@equipmentshare.com,Rental House/Dealer
Equipment Share - Abilene TX,1358 Scott St,Tye,TX,79563,325-725-0534,eddie.parsons@equipmentshare.com,Rental House/Dealer
Equipment Share - Amarillo TX,12760 I-27,Amarillo,TX,79119,806-690-1833,eddie.parsons@equipmentshare.com,Rental House/Dealer
Equipment Share - Lubbock TX,614 E County Rd 7200,Lubbock,TX,79404,806-686-6939,eddie.parsons@equipmentshare.com,Rental House/Dealer
Equipment Share - Cape Girardeau MO,281 Rambler Dr,Cape Girardeau,MO,63701,573-979-2818,eddie.parsons@equipmentshare.com,Rental House/Dealer
Equipment Share - Ardmore OK,3213 Prairie Valley Rd,Ardmore,OK,73401,580-798-6152,eddie.parsons@equipmentshare.com,Rental House/Dealer
Equipment Share - CPE Jacksonville FL,9235 Busch Dr N,Jacksonville,FL,32218,904-516-5380,eddie.parsons@equipmentshare.com,Rental House/Dealer
Equipment Share - Council Bluffs IA,13665 192nd St,Council Bluffs,IA,51503,402-619-1653,eddie.parsons@equipmentshare.com,Rental House/Dealer
Equipment Share - Wichita Falls TX,2785 Fisher Rd,Wichita Falls,TX,76302,940-280-6324,eddie.parsons@equipmentshare.com,Rental House/Dealer
Equipment Share - Baytown TX,12825 Upland Wy,Baytown,TX,77523,281-838-2605,eddie.parsons@equipmentshare.com,Rental House/Dealer
Equipment Share - West Palm Beach (Lake Worth) FL,1150 Barnett Dr,Lake Worth Beach,FL,33461,561-296-9710,eddie.parsons@equipmentshare.com,Rental House/Dealer
Equipment Share - Orlando FL,385 W Landstreet Rd,Orlando,FL,32824,407-888-0024,eddie.parsons@equipmentshare.com,Rental House/Dealer
Equipment Share - McKinney TX,1000 E University Dr,McKinney,TX,75069,469-712-0938,eddie.parsons@equipmentshare.com,Rental House/Dealer
Equipment Share - Columbia (Gaston) SC,49 Palmetto Ct,Gaston,SC,29053,803-683-6924,eddie.parsons@equipmentshare.com,Rental House/Dealer
Equipment Share - Toledo OH,3145 York St,Oregon,OH,43605,567-686-3660,eddie.parsons@equipmentshare.com,Rental House/Dealer
Equipment Share - Harlingen TX,Harlingen Rd,Harlingen,TX,78550,346-554-1094,eddie.parsons@equipmentshare.com,Rental House/Dealer
Equipment Share - Fort Smith OK,4505 Main St,Arkoma,OK,74901,479-263-3766,eddie.parsons@equipmentshare.com,Rental House/Dealer
Equipment Share - Bryan TX,1680 Independence Ave,Bryan,TX,77803,979-485-3032,eddie.parsons@equipmentshare.com,Rental House/Dealer
Equipment Share - Spanish Fork UT,665 W 1000 N,Spanish Fork,UT,84660,385-307-4335,eddie.parsons@equipmentshare.com,Rental House/Dealer
Equipment Share - Gladewater TX,1761 US-271,Gladewater,TX,75647,903-421-3931,eddie.parsons@equipmentshare.com,Rental House/Dealer
Equipment Share - Jackson MS,5246 Greenway Dr,Jackson,MS,39204,601-397-1405,eddie.parsons@equipmentshare.com,Rental House/Dealer
Equipment Share - Detroit MI,2741 Schaefer Rd,Melvindale,MI,48122,734-460-5224,eddie.parsons@equipmentshare.com,Rental House/Dealer
Equipment Share - Algona IA,1621 US-18,Algona,IA,50511,515-395-7368,eddie.parsons@equipmentshare.com,Rental House/Dealer
Equipment Share - Camden NJ,1521 Admiral Wilson Blvd,Pennsauken Township,NJ,8109,609-922-6713,eddie.parsons@equipmentshare.com,Rental House/Dealer
Equipment Share - Yelm WA,10812 Bald Hill Rd SE,Yelm,WA,98597,253-999-0680,eddie.parsons@equipmentshare.com,Rental House/Dealer
Equipment Share - South Plainfield NJ,456 Hollywood Ave,South Plainfield,NJ,7080,757-876-4523,eddie.parsons@equipmentshare.com,Rental House/Dealer
Equipment Share - Waco TX,17140 N Interstate 35 Frontage Rd,West,TX,76691,254-653-5500,eddie.parsons@equipmentshare.com,Rental House/Dealer
Equipment Share - Elwood KS,Roseport Rd,Elwood,KS,66090,816-538-3457,eddie.parsons@equipmentshare.com,Rental House/Dealer
Equipment Share - San Angelo TX,933 W 19th St,San Angelo,TX,76903,325-650-3960,eddie.parsons@equipmentshare.com,Rental House/Dealer
Equipment Share - Emporia VA,2155 Sussex Dr,Emporia,VA,23847,434-907-1183,eddie.parsons@equipmentshare.com,Rental House/Dealer
Equipment Share - Panama City FL,3621 Frankford Ave,Panama City,FL,32405,850-804-1625,eddie.parsons@equipmentshare.com,Rental House/Dealer
Equipment Share - Lakeland (Mulberry) FL,5070 State Rd 60,Mulberry,FL,33860,863-400-3418,eddie.parsons@equipmentshare.com,Rental House/Dealer
Equipment Share - Sherman TX,18873 US-82,Sherman,TX,75092,903-294-5001,eddie.parsons@equipmentshare.com,Rental House/Dealer
Equipment Share - Knoxville TN,10924 McBride Ln,Knoxville,TN,37932,888-807-3687,eddie.parsons@equipmentshare.com,Rental House/Dealer
Equipment Share - Pueblo West CO,12 N Research Dr,Pueblo West,CO,81007,719-653-1190,eddie.parsons@equipmentshare.com,Rental House/Dealer
Equipment Share - Kentwood MI,4250 52nd St SE,Kentwood,MI,49512,616-286-0990,eddie.parsons@equipmentshare.com,Rental House/Dealer
Equipment Share - Osceola AR,1581 AR-181,Osceola,AR,72370,870-576-1400,eddie.parsons@equipmentshare.com,Rental House/Dealer
Equipment Share - Hartford CT,317 W Service Rd,Hartford,CT,6120,959-333-3470,eddie.parsons@equipmentshare.com,Rental House/Dealer
Equipment Share - Laredo TX,5663 TX-359,Laredo,TX,78043,361-500-5636,eddie.parsons@equipmentshare.com,Rental House/Dealer
Equipment Share - Lancaster CA,811 Columbia Way,Lancaster,CA,93535,661-571-0274,carl.howard@equipmentshare.com,Rental House/Dealer
Equipment Share - Lake Forest CA,20772 Civic Center Dr,Lake Forest,CA,92630,949-739-0930,eddie.parsons@equipmentshare.com,Rental House/Dealer
Equipment Share - Lakeville MN,24670 Larson Ln,Lakeville,MN,55044,903-590-9185,eddie.parsons@equipmentshare.com,Rental House/Dealer
Equipment Share - Richmond CA,211 Parr Blvd,Richmond,CA,94801,415-650-0085,eddie.parsons@equipmentshare.com,Rental House/Dealer
Equipment Share - Broussard LA,1001 Petroleum Pkwy,Broussard,LA,70518,337-224-7489,eddie.parsons@equipmentshare.com,Rental House/Dealer
Equipment Share - Jackson SC,18214 Atomic Rd,Jackson,SC,29831,803-471-5136,eddie.parsons@equipmentshare.com,Rental House/Dealer
Equipment Share - Sioux City IA,33041 Frelon Dr,Sioux City,IA,51108,712-569-1108,eddie.parsons@equipmentshare.com,Rental House/Dealer
Equipment Share - Nampa ID,8780 Birch Ln,Nampa,ID,83687,208-616-1850,eddie.parsons@equipmentshare.com,Rental House/Dealer
Equipment Share - La Porte TX,3401 Awesome Ln,La Porte,TX,77571,346-577-4789,,Rental House/Dealer
Equipment Share - Tallahassee FL,2830 Plant St,Tallahassee,FL,32304,850-518-3260,eddie.parsons@equipmentshare.com,Rental House/Dealer
Equipment Share - Seaford DE,25939 Campers Ln,Seaford,DE,19973,1302907888,eddie.parsons@equipmentshare.com,Rental House/Dealer
Equipment Share - Hialeah Gardens FL,12601 W Okeechobee Rd,Hialeah,FL,33018,786-983-4184,eddie.parsons@equipmentshare.com,Rental House/Dealer
Equipment Share - Texarkana AR,4015 E 9th St,Texarkana,AR,71854,870-330-4920,carl.howard@equipmentshare.com,Rental House/Dealer
Equipment Share - Angleton TX,771 County Rd 44,Angleton,TX,77515,979-291-3627,eddie.parsons@equipmentshare.com,Rental House/Dealer
Equipment Share - Whittier CA,12393 Slauson Ave,Whittier,CA,90606,562-358-3830,eddie.parsons@equipmentshare.com,Rental House/Dealer
Equipment Share - Rapid City SD,4551 Seger Dr,Rapid City,SD,57701,605-646-9900,eddie.parsons@equipmentshare.com,Rental House/Dealer
Equipment Share - Apopka FL,100 Hermit Smith Rd,Apopka,FL,32703,689-910-0100,eddie.parsons@equipmentshare.com,Rental House/Dealer
Equipment Share - Dothan AL,125 Commerce Dr,Enterprise,AL,36330,334-838-7128,eddie.parsons@equipmentshare.com,Rental House/Dealer
Equipment Share - Grand Terrace CA,21506 Main St,Grand Terrace,CA,92313,909-219-0084,eddie.parsons@equipmentshare.com,Rental House/Dealer
Equipment Share - Geneva NY,33 Forge Ave,Geneva,NY,14456,680-444-8210,eddie.parsons@equipmentshare.com,Rental House/Dealer
Equipment Share - North Palm Springs CA,63665 19th Ave,North Palm Springs,CA,92258,442-212-1621,eddie.parsons@equipmentshare.com,Rental House/Dealer
Equipment Share - Madison AL,250 Royal Dr,Madison,AL,35758,256-556-1000,eddie.parsons@equipmentshare.com,Rental House/Dealer
Skyworks Equipment Rental - Scranton (Olyphant) PA,950 Underwood Rd,Olyphant,PA,18447,272-235-5200,rental024@skyworksllc.com,Rental House/Dealer
Equipment Share - Flint MI,2501 Lippincott Blvd,Flint,MI,48507,810-776-2230,eddie.parsons@equipmentshare.com,Rental House/Dealer
Equipment Share - Hollister CA,1135 San Felipe Rd,Hollister,CA,95023,831-623-8004,eddie.parsons@equipmentshare.com,Rental House/Dealer
Equipment Share - Lacombe LA,28734 Krentel Rd,Lacombe,LA,70445,985-282-8220,eddie.parsons@equipmentshare.com,Rental House/Dealer
Equipment Share - Niagara Falls NY,2181 Lockport Rd,Niagara Falls,NY,14304,903-590-9185,,Rental House/Dealer
Equipment Share - Hurricane UT,Purgatory Rd,Hurricane,UT,84737,435-216-1449,,Rental House/Dealer
Equipment Share - Kannapolis NC,1411 Dale Earnhardt Blvd,Kannapolis,NC,28083,980-499-6260,eddie.parsons@equipmentshare.com,Rental House/Dealer
Equipment Share - Joliet IL,4044 McDonough St,Joliet,IL,60431,779-707-9398,eddie.parsons@equipmentshare.com,Rental House/Dealer
Equipment Share - Cartersville GA,2111 US-411,Cartersville,GA,30121,470-348-6696,,Rental House/Dealer
Equipment Share - Las Vegas (Boulder Hwy) NV,6037 Boulder Hwy,Las Vegas,NV,89122,725-249-8081,,Rental House/Dealer
Equipment Share - Frankfort IL,9194 Gulfstream Rd,Frankfort,IL,60423,847-846-0708,eddie.parsons@equipmentshare.com,Rental House/Dealer
Equipment Share - Logan UT,1555 N 1000 W,Logan,UT,84321,435-534-0090,,Rental House/Dealer
Equipment Share - Kountze TX,1025 N Pine St,Kountze,TX,77625,409-219-0083,,Rental House/Dealer
Equipment Share - Alachua FL,20613 N State Rd 121,La Crosse,FL,32658,352-474-3625,,Rental House/Dealer
Equipment Share - Santa Maria CA,2115 Sinton Rd,Santa Maria,CA,93458,805-867-6777,,Rental House/Dealer
Equipment Share - Cibolo TX,1021 Schneider Dr,Cibolo,TX,78108,830-201-3334,,Rental House/Dealer
Equipment Share - Youngsville NC,94 Cypress Dr,Youngsville,NC,27596,984-884-0010,,Rental House/Dealer
Equipment Share - Alexandria LA,3612 Coliseum Blvd,Alexandria,LA,71303,318-451-1371,eddie.parsons@equipmentshare.com,Rental House/Dealer
Equipment Share - Ladson SC,10179 US-78,Ladson,SC,29456,843-410-7717,eddie.parsons@equipmentshare.com,Rental House/Dealer
Equipment Share - Kennedale TX,6990 Kennedale Pkwy,Kennedale,TX,76060,682-351-0150,eddie.parsons@equipmentshare.com,Rental House/Dealer
Equipment Share - Lenexa KS,9600 Dice Ln,Lenexa,KS,66215,913-529-8680,eddie.parsons@equipmentshare.com,Rental House/Dealer
Equipment Share - Union Gap WA,1101 Industrial Way,Union Gap,WA,98903,509-317-8591,eddie.parsons@equipmentshare.com,Rental House/Dealer
Equipment Share - Cleveland TX,24976 TX-321,Cleveland,TX,77327,903-590-9185,eddie.parsons@equipmentshare.com,Rental House/Dealer
Equipment Share - Grand Prarie TX,1717 W Shady Grove Rd,Grand Prairie,TX,75050,972-737-1919,eddie.parsons@equipmentshare.com,Rental House/Dealer
Equipment Share - Grand Prarie TX,1717 W Shady Grove Rd,Grand Prairie,TX,75050,972-737-1919,eddie.parsons@equipmentshare.com,Rental House/Dealer
Equipment Share - Grand Prairie TX,1717 W Shady Grove Rd,Grand Prairie,TX,75050,972-737-1919,eddie.parsons@equipmentshare.com,Rental House/Dealer
Equipment Share - Grand Prairie TX,1717 W Shady Grove Rd,Grand Prairie,TX,75050,972-737-1919,eddie.parsons@equipmentshare.com,Rental House/Dealer
Equipment Share - Atlanta (Morrow) GA,1690 Forest Pkwy,Morrow,GA,30260,972-737-1919,eddie.parsons@equipmentshare.com,Rental House/Dealer
Equipment Share - Bakersfield CA,2111 Bricyn Ln,Bakersfield,CA,93308,661-624-9656,eddie.parsons@equipmentshare.com,Rental House/Dealer
Equipment Share -Hobbs NM,3215 N Enterprise Dr,Hobbs,NM,88240,575-665-9400,eddie.parsons@equipmentshare.com,Rental House/Dealer
Equipment Share - Temecula CA,43169 Vía Dos Picos,Temecula,CA,92590,951-466-2490,eddie.parsons@equipmentshare.com,Rental House/Dealer
Equipment Share - Brookshire TX,2875 Woods Rd,Brookshire,TX,77423,346-573-2674,eddie.parsons@equipmentshare.com,Rental House/Dealer
Equipment Share - Helena MT,1500 Blaine St,Helena,MT,59601,406-438-9790,eddie.parsons@equipmentshare.com,Rental House/Dealer
Equipment Share - Elgin TX,9511 Brown Ln,Austin,TX,78754,737-313-5560,eddie.parsons@equipmentshare.com,Rental House/Dealer
Equipment Share - Camp Hill PA,2875 Appleton St,Camp Hill,PA,17011,717-303-5740,eddie.parsons@equipmentshare.com,Rental House/Dealer
Equipment Share - Trotwood OH,2 Stratacache Wy,Trotwood,OH,45426,937-977-1460,eddie.parsons@equipmentshare.com,Rental House/Dealer
Equipment Share - Victorville CA,18173 Osborne Rd,Victorville,CA,92394,442-219-3800,eddie.parsons@equipmentshare.com,Rental House/Dealer
Huntsville - Decatur #40686,"540 Steed Rd, Building B",Decatur,AL,35601,(256) 308-8993,,Rental House/Dealer
Anniston - Oxford #140181,90 Industrial Drive,Oxford,AL,36203,(256) 905-8339,,Rental House/Dealer
Tuscaloosa #165781,3020 Fosters Ferry Rd,Tuscaloosa,AL,35401,(659) 228-0411,,Rental House/Dealer
Flagstaff -Bellemont #136680,11840 W. Route 66,Bellemont,AZ,86015,(928) 326-9390,,Rental House/Dealer
Phoenix -Chandler #124703,6839 W Chicago St,Chandler,AZ,85226,(480) 393-5840,,Rental House/Dealer
Phoenix -Glendale #107531,7314 N 110th Ave,Glendale,AZ,85307,(602) 669-2020,,Rental House/Dealer
El Dorado -El Dorado #24007,1320 Molnaird Park Ave,El Dorado,AR,71730,(870) 310-0116,,Rental House/Dealer
El Dorado -El Dorado #59687,800 Strong Hwy,El Dorado,AR,71730,(870) 865-1014,,Rental House/Dealer
Oakland -Benicia #101389,3802 Mallard Dr,Benicia,CA,94510,(707) 750-8770,,Rental House/Dealer
Los Angeles -Canoga Park #140085,7901 Deering Avenue,Canoga Park,CA,91304,(818) 867-8336,,Rental House/Dealer
Chico -Durham #131043,15 Pepsi Way,Chico,CA,95938,(530) 399-1980,,Rental House/Dealer
San Diego -Poway #156979,12690 Danielson Ct,Poway,CA,92064,(858) 726-5513,,Rental House/Dealer
Sacramento -Rancho Cordova #76452,3780 Recycle Rd,Rancho Cordova,CA,95742,(916) 283-3630,,Rental House/Dealer
Los Angeles -Wilmington #103792,445 S Figueroa St,Wilmington,CA,90744,(562) 605-0605,,Rental House/Dealer
Sacramento -Woodland #122310,595 N East St,Woodland,CA,95695,(530) 631-1240,,Rental House/Dealer
Denver -Centennial #7328,15427 E Fremont Dr,Centennial,CO,80112,(720) 414-2044,,Rental House/Dealer
Denver -Commerce City #80686,8450 Rosemary St,Commerce City,CO,80022,(720) 668-2081,,Rental House/Dealer
Denver -Frederick #89341,4037 Salazar Way,Frederick,CO,80504,(720) 743-9190,,Rental House/Dealer
Denver -Golden #140377,12900 W 43rd Dr,Golden,CO,80403,(720) 880-3230,,Rental House/Dealer
Wilmington -Wilmington #126648,3605 Downing Dr,Wilmington,DE,19802,(302) 274-0540,,Rental House/Dealer
Gainesville -Alachua #141635,20813 N. State Rd. 121,Alachua,FL,32615,(386) 518-4441,,Rental House/Dealer
Bradenton -Bradenton #99181,,Bradenton,FL,34208,(727) 291-4800,,Rental House/Dealer
Lakeland -Lakeland #104465,2925 S Combee Rd,Lakeland,FL,33803,(863) 577-2231,,Rental House/Dealer
St. Petersburg -Largo #119559,1333 Starkey Rd,Largo,FL,33771,(727) 382-8444,,Rental House/Dealer
Pensacola -Pensacola #127594,1325 W Detroit Blvd,Pensacola,FL,32534,(850) 378-4450,,Rental House/Dealer
West Palm Beach -West Palm Beach #61102,5489 Leeper Dr,West Palm Beach,FL,33407,(561) 296-9710,,Rental House/Dealer
Savannah -Savannah #114075,75 Ross Rd,Savannah,GA,31405,(912) 446-0171,,Rental House/Dealer
Idaho Falls -Idaho Falls #92194,2607 E 81st N,Idaho Falls,ID,83401,(208) 569-4717,,Rental House/Dealer
Twin Falls -Jerome #148866,359 Railway Street,Jerome,ID,83338,(208) 944-2525,,Rental House/Dealer
St. Louis -O'Fallon #123867,117 Auto Ct,O'Fallon,IL,62269,(618) 607-9809,,Rental House/Dealer
Chicago -Rockdale #83784,132 Harris Dr,Rockdale,IL,60436,(872) 772-6784,,Rental House/Dealer
Evansville -Evansville #102440,5416 E Morgan Ave,Evansville,IN,47715,(930) 212-9020,,Rental House/Dealer
Davenport -DeWitt #146081,,DeWitt,IA,52742,(563) 221-6040,,Rental House/Dealer
Bowling Green -Bowling Green #135514,578 Kelly Road,Bowling Green,KY,42101,(364) 201-8551,,Rental House/Dealer
Baton Rouge -Geismar #15966,34443 Terminal Ct,Geismar,LA,70734,(225) 713-3223,,Rental House/Dealer
Baton Rouge -Gonzales #26564,9450 Ashland Rd,Gonzales,LA,70737,(225) 612-0170,,Rental House/Dealer
New Orleans -Houma #141453,207 Industrial Ave B,Houma,LA,70363,(985) 333-0063,,Rental House/Dealer
Baton Rouge -Port Allen #141391,2323 Commercial Drive,Port Allen,LA,70767,(225) 694-8988,,Rental House/Dealer
Auburn -Lewiston #136217,50 Alfred a Plourde Parkway,Lewiston,ME,4240,(207) 955-2210,,Rental House/Dealer
Baltimore -Glen Burnie #111752,6704 Curtis Ct,Glen Burnie,MD,21060,(667) 464-4380,,Rental House/Dealer
Detroit -Detroit #121374,14860 Linwood St,Detroit,MI,48238,(313) 612-5151,,Rental House/Dealer
Forest Lake -Columbus #155822,14045 Lake Drive NE,Columbus,MN,55025,(651) 427-0780,,Rental House/Dealer
Columbia -Columbia #1,8430 Interstate 70 Dr SE,Columbia,MO,65201,(573) 550-0440,,Rental House/Dealer
Jefferson City -Eldon #111298,24 Karen Dr,Eldon,MO,65026,(573) 557-1211,,Rental House/Dealer
Kansas City -Grain Valley #126132,3320 S Outer Belt,Grain Valley,MO,64029,(816) 355-8350,,Rental House/Dealer
Kansas City -Kansas City #7669,7201 E Front St,Kansas City,MO,64120,(816) 216-6550,,Rental House/Dealer
Springfield -Lebanon #155746,1583 U.S. Rt 66,Lebanon,MO,65536,(417) 288-0181,,Rental House/Dealer
Missoula -Columbia Falls #135599,199 Brunner Road,Columbia Falls,MT,59912,(406) 909-1002,,Rental House/Dealer
Great Falls -Great Falls #157724,101 Vaughn South Frontage Road,Great Falls,MT,59404,(406) 205-9611,,Rental House/Dealer
Reno -Mound House #162729,20 Industrial Pkwy,Mound House,NV,89706,(775) 551-1001,,Rental House/Dealer
Philadelphia -Camden #38683,1521 Admiral Wilson Blvd,Camden,NJ,8109,(856) 807-8070,,Rental House/Dealer
Newark -Elizabeth #104103,833 Magnolia Ave,Elizabeth,NJ,7201,(862) 298-0123,,Rental House/Dealer
Philadelphia -Hammonton #138965,7660 Black Horse Pike,Hammonton,NJ,8037,(609) 547-1718,,Rental House/Dealer
Bismarck -Mandan #129812,3015 Memorial Hwy,Mandan,ND,58554,(701) 299-5940,,Rental House/Dealer
Cincinnati -Cincinnati #141096,10250 Chester Road,Cincinnati,OH,45215,(513) 599-7340,,Rental House/Dealer
Cincinnati -Cincinnati #94441,10555 Taconic Terrace,Cincinnati,OH,45215,(513) 635-6917,,Rental House/Dealer
Zanesville -Newark #127176,171 Riverside Dr,Newark,OH,43055,(740) 334-4555,,Rental House/Dealer
Portland -Canby #125165,1880 SE Twp Rd,Canby,OR,97013,(503) 212-6256,,Rental House/Dealer
Portland -Hillsboro #147459,1748 NE 25th Ave,Hillsboro,OR,97124,(971) 288-1620,,Rental House/Dealer
Bend -Redmond #153439,2475 NW Canal Blvd,Redmond,OR,97756,(541) 527-3088,,Rental House/Dealer
Portland -Salem #148875,3121 Blossom Dr NE,Salem,OR,97305,(971) 375-4670,,Rental House/Dealer
Harrisburg -Harrisburg #138706,7761 Derry St,Harrisburg,PA,17111,(223) 279-1059,,Rental House/Dealer
Pittsburgh -Leetsdale #123054,17 Ferry St,Leetsdale,PA,15056,(724) 488-1780,,Rental House/Dealer
Sioux Falls -Sioux Falls #136667,2900 E. Rice St,Sioux Falls,SD,57103,(605) 601-9101,,Rental House/Dealer
Corpus Christi -Aransas Pass #137464,2106 West Wheeler Avenue,Aransas Pass,TX,78336,(361) 732-0077,,Rental House/Dealer
Houston -Bay City #106045,1105 Avenue F,Bay City,TX,77414,(979) 401-8800,,Rental House/Dealer
Brownsville -Brownsville #113842,2995 N Indiana Ave,Brownsville,TX,78526,(956) 505-5601,,Rental House/Dealer
Dallas -Ferris #123279,2130 Loop 561,Ferris,TX,75125,(469) 746-9060,,Rental House/Dealer
Beaumont -Groves #144176,2049 Taft Avenue,Groves,TX,77619,(409) 230-0085,,Rental House/Dealer
Houston -Huntsville #100072,604 I-45 N,Huntsville,TX,77320,(936) 994-1991,,Rental House/Dealer
Beaumont -Jasper #125012,963 TX-63,Jasper,TX,75951,(409) 336-0050,,Rental House/Dealer
Odessa -Pecos #154982,76 Co Rd 201,Pecos,TX,79772,(432) 289-6565,,Rental House/Dealer
Port Arthur -Port Arthur #61870,600 FM 365,Port Arthur,TX,77640,(409) 790-1730,,Rental House/Dealer
Houston -Texas City #76100,5201 Emmett F Lowry Expy,Texas City,TX,77591,(346) 902-3535,,Rental House/Dealer
San Antonio -Three Rivers #145359,3067 I-37 Access Rd,Three Rivers,TX,78071,(214) 473-2656,,Rental House/Dealer
Houston -Waller #187457,41077 Park 290,Waller,TX,77484,(281) 442-3131,,Rental House/Dealer
Richmond -Amelia Court House #85846,15144 Kendall Abbott Dr,Amelia Court House,VA,23002,(804) 638-1973,,Rental House/Dealer
Roanoke -Roanoke #128585,1301 Rockland Ave. Suite B,Roanoke,VA,24012,(826) 205-2380,,Rental House/Dealer
Wenatchee -East Wenatchee #125571,3408 NE Trident Way,East Wenatchee,WA,98802,(509) 667-3100,,Rental House/Dealer
Seattle -Marysville #125566,,Marysville,WA,98271,(360) 925-8111,,Rental House/Dealer
Vancouver -Ridgefield #151439,16707 Northeast 10th Avenue,Ridgefield,WA,98642,(360) 803-0442,,Rental House/Dealer
Tacoma -Tacoma #90850,,Tacoma,WA,98445,(253) 999-0680,,Rental House/Dealer
Clarksburg -Bridgeport #118928,4938 Benedum Dr,Bridgeport,WV,26330,(681) 456-8380,,Rental House/Dealer
Charleston -Charleston #127781,600 New Goff Mountain Rd,Charleston,WV,25313,(304) 769-6688,,Rental House/Dealer
Cheyenne -Cheyenne #140681,4820 S Greeley Hwy,Cheyenne,WY,82007,(307) 475-1806,,Rental House/Dealer
Cheyenne -Cheyenne #104275,3215 Granite Peak Drive,Cheyenne,WY,82007,(307) 475-1806,,Rental House/Dealer