Branch Name,Address,City,State,ZIP,Phone,Email,Type
Sunstate Equipment - Apache Junction AZ,3375 S Winchester Rd,Apache Junction,AZ,85119,855-808-8875,dozr@sunstateequip.com,Rental House/Dealer
Sunstate Equipment - Buckeye AZ,1015 N 195th Ave,Buckeye,AZ,85326,855-808-8875,dozr@sunstateequip.com,Rental House/Dealer
Sunstate Equipment - Casa Grande AZ,3097 North Piper Avenue,Casa Grande,AZ,85122,855-808-8875,dozr@sunstateequip.com,Rental House/Dealer
Sunstate Equipment - Deer Valley,22830 N 19th Avenue,Deer Valley,AZ,22830,855-808-8875,dozr@sunstateequip.com,Rental House/Dealer
Sunstate Equipment - Flagstaff AZ,320 South Babbitt Drive,Flagstaff,AZ,86001,855-808-8875,dozr@sunstateequip.com,Rental House/Dealer
Sunstate Equipment - Mesa AZ,1945 South Lee Circle,Mesa,AZ,85204,855-808-8875,dozr@sunstateequip.com,Rental House/Dealer
Sunstate Equipment - Peoria AZ,7722 West Olive Avenue,Peoria,AZ,85345,855-808-8875,dozr@sunstateequip.com,Rental House/Dealer
Sunstate Equipment - Phoenix AZ,5425 East Washington Street,Phoenix,AZ,85034,855-808-8875,dozr@sunstateequip.com,Rental House/Dealer
Sunstate Equipment - Deer Valley AZ,22830 North 19th Avenue,Phoenix,AZ,85027,855-808-8875,dozr@sunstateequip.com,Rental House/Dealer
Sunstate Equipment - Prescott,9351 E Lorna Lane,Prescott,AZ,86314,855-808-8875,dozr@sunstateequip.com,Rental House/Dealer
Sunstate Equipment - Prescott Valley AZ,9351 East Lorna Lane,Prescott Valley,AZ,86314,855-808-8875,dozr@sunstateequip.com,Rental House/Dealer
Sunstate Equipment - Scottsdale AZ,7424 East Adobe Drive,Scottsdale,AZ,85255,855-808-8875,dozr@sunstateequip.com,Rental House/Dealer
Sunstate Equipment - Tucson AZ,1835 West Grant Road,Tucson,AZ,85745,855-808-8875,dozr@sunstateequip.com,Rental House/Dealer
Sunstate Equipment - Anaheim CA,4460 East La Palma Avenue,Anaheim,CA,92807,855-808-8875,dozr@sunstateequip.com,Rental House/Dealer
Sunstate Equipment - Baldwin Park CA,12905 Garvey Ave,Baldwin Park,CA,91706,855-808-8875,dozr@sunstateequip.com,Rental House/Dealer
Sunstate Equipment - Benicia CA,3110 Bayshore Rd,Benicia,CA,94510,855-808-8875,dozr@sunstateequip.com,Rental House/Dealer
Sunstate Equipment - Burbank CA,205 West Magnolia Boulevard,Burbank,CA,91502,855-808-8875,dozr@sunstateequip.com,Rental House/Dealer
Sunstate Equipment - Carson CA,17310 South Main Street,Carson,CA,90745,855-808-8875,dozr@sunstateequip.com,Rental House/Dealer
Sunstate Equipment - Colton CA,3000 S Iowa Ave,Colton,CA,92324,855-808-8875,dozr@sunstateequip.com,Rental House/Dealer
Sunstate Equipment - El Cajon CA,1360 Magnolia Ave,El Cajon,CA,92020,855-808-8875,dozr@sunstateequip.com,Rental House/Dealer
Sunstate Equipment - Fremont CA,2115 Warm Springs Court,Fremont,CA,94539,855-808-8875,dozr@sunstateequip.com,Rental House/Dealer
Sunstate Equipment - Stockton (French Camp) CA,75 E Equipment Ct,French Camp,CA,95231,855-808-8875,dozr@sunstateequip.com,Rental House/Dealer
Sunstate Equipment - Montebello,812 Washington Blvd,Montebello,CA,90640,855-808-8875,dozr@sunstateequip.com,Rental House/Dealer
Sunstate Equipment - Oakland CA,8001 Oakport Street,Oakland,CA,94621,855-808-8875,dozr@sunstateequip.com,Rental House/Dealer
Sunstate Equipment - Concord (Pachecho) CA,5737 Pacheco Boulevard,Pacheco,CA,94553,855-808-8875,dozr@sunstateequip.com,Rental House/Dealer
Sunstate Equipment - Romoland (Perris) CA,25201 Trumble Road,Perris,CA,92571,855-808-8875,dozr@sunstateequip.com,Rental House/Dealer
Sunstate Equipment - Romoland,25201 Trumble Road,Romoland,CA,25201,855-808-8875,dozr@sunstateequip.com,Rental House/Dealer
Sunstate Equipment - Roseville CA,8200 Industrial Ave,Roseville,CA,95678,855-808-8875,dozr@sunstateequip.com,Rental House/Dealer
Sunstate Equipment - Sacramento,2661 Evergreen Avenue,Sacramento,CA,95691,855-808-8875,dozr@sunstateequip.com,Rental House/Dealer
Sunstate Equipment - San Diego CA,5590 Eastgate Mall,San Diego,CA,92121,855-808-8875,dozr@sunstateequip.com,Rental House/Dealer
Sunstate Equipment - San Jose CA,2233 South 7th Street,San Jose,CA,95112,855-808-8875,dozr@sunstateequip.com,Rental House/Dealer
Sunstate Equipment - Stockton,75 E Equipment Court,Stockton,CA,95231,855-808-8875,dozr@sunstateequip.com,Rental House/Dealer
Sunstate Equipment - Sacramento CA,2661 Evergreen Avenue,West Sacramento,CA,95691,855-808-8875,dozr@sunstateequip.com,Rental House/Dealer
Sunstate Equipment - Colorado Springs CO,1211 East Cheyenne Road,Colorado Springs,CO,80905,855-808-8875,dozr@sunstateequip.com,Rental House/Dealer
Sunstate Equipment - Denver CO,5420 Dahlia Street,Commerce City,CO,80022,855-808-8875,dozr@sunstateequip.com,Rental House/Dealer
Sunstate Equipment - Denver,5420 Dahlia Street,Denver,CO,80022,855-808-8875,dozr@sunstateequip.com,Rental House/Dealer
Sunstate Equipment - Dove Valley,12550 E Broncos Parkway,Dove Valley,CO,12550,855-808-8875,dozr@sunstateequip.com,Rental House/Dealer
Sunstate Equipment - Dove Valley (Englewood) CO,12550 East Broncos Parkway,Englewood,CO,80112,855-808-8875,dozr@sunstateequip.com,Rental House/Dealer
Sunstate Equipment - Fort Collins CO,4228 East Mulberry Street,Fort Collins,CO,80524,855-808-8875,dozr@sunstateequip.com,Rental House/Dealer
Sunstate Equipment - Grand Junction CO,2320 Interstate Avenue,Grand Junction,CO,81505,855-808-8875,dozr@sunstateequip.com,Rental House/Dealer
Sunstate Equipment - Mead CO,4005 N Valley Dr,Longmont,CO,80504,855-808-8875,dozr@sunstateequip.com,Rental House/Dealer
Sunstate Equipment - Mead,4005 N Valley Drive,Mead,CO,80504,855-808-8875,dozr@sunstateequip.com,Rental House/Dealer
Sunstate Equipment - Pueblo CO,4125 North Elizabeth Street,Pueblo,CO,81008,855-808-8875,dozr@sunstateequip.com,Rental House/Dealer
Sunstate Equipment - Bradenton FL,5928 21st St E,Bradenton,FL,34203,855-808-8875,dozr@sunstateequip.com,Rental House/Dealer
Sunstate Equipment - Jacksonville FL,6800 Broadway Ave,Jacksonville,FL,32254,855-808-8875,dozr@sunstateequip.com,Rental House/Dealer
Sunstate Equipment - Orlando FL,9075 Sidney Hayes Road,Orlando,FL,32824,855-808-8875,dozr@sunstateequip.com,Rental House/Dealer
Sunstate Equipment - Tampa FL,5730 East Columbus Drive,Tampa,FL,33619,855-808-8875,dozr@sunstateequip.com,Rental House/Dealer
Sunstate Equipment - Buford GA,6000 Lanier Islands Pkwy,Buford,GA,30518,855-808-8875,dozr@sunstateequip.com,Rental House/Dealer
Sunstate Equipment - Atlanta GA,4460 Moreland Ave,Conley,GA,30288,855-808-8875,dozr@sunstateequip.com,Rental House/Dealer
Sunstate Equipment - Conley GA,4460 Moreland Ave,Conley,GA,30288,855-808-8875,dozr@sunstateequip.com,Rental House/Dealer
Sunstate Equipment - Marietta GA,800 Pickens Industrial Drive North East,Marietta,GA,30062,855-808-8875,dozr@sunstateequip.com,Rental House/Dealer
Sunstate Equipment - Baton Rouge,3500 Delta Drive,Baton Rouge,LA,70776,855-808-8875,dozr@sunstateequip.com,Rental House/Dealer
Sunstate Equipment - Saint Gabriel LA,3500 Delta Dr,St Gabriel,LA,70776,855-808-8875,dozr@sunstateequip.com,Rental House/Dealer
Sunstate Equipment - Sulphur LA,2525 Calcasieu Industrial Dr,Sulphur,LA,70665,855-808-8875,dozr@sunstateequip.com,Rental House/Dealer
Sunstate Equipment - Charlotte,5130 Davidson Highway,Charlotte,NC,28027,855-808-8875,dozr@sunstateequip.com,Rental House/Dealer
Sunstate Equipment - Charlotte NC,5130 Davidson Highway,Concord,NC,28027,855-808-8875,dozr@sunstateequip.com,Rental House/Dealer
Sunstate Equipment - Raleigh (Garner) NC,1128 US-70,Garner,NC,27529,855-808-8875,dozr@sunstateequip.com,Rental House/Dealer
Sunstate Equipment - Greensboro,105 South Swing Road,Greensboro,NC,27409,855-808-8875,dozr@sunstateequip.com,Rental House/Dealer
Sunstate Equipment - Raleigh,1128 US Highway 70 W,Raleigh,NC,27529,855-808-8875,dozr@sunstateequip.com,Rental House/Dealer
Sunstate Equipment - Rio Rancho NM,221 Rio Rancho Drive Northeast,Rio Rancho,NM,87124,855-808-8875,dozr@sunstateequip.com,Rental House/Dealer
Sunstate Equipment - Las Vegas (Henderson) NV,250 Elliott Road,Henderson,NV,89011,855-808-8875,dozr@sunstateequip.com,Rental House/Dealer
Sunstate Equipment - Las Vegas,250 Elliot Road,Las Vegas,NV,89011,855-808-8875,dozr@sunstateequip.com,Rental House/Dealer
Sunstate Equipment - Reno NV,750 South Rock Boulevard,Reno,NV,89502,855-808-8875,dozr@sunstateequip.com,Rental House/Dealer
Sunstate Equipment - Oklahoma City OK,2001 North Moore Avenue,Moore,OK,73160,855-808-8875,dozr@sunstateequip.com,Rental House/Dealer
Sunstate Equipment - Oklahoma City,6711 S Eastern Avenue,Oklahoma City,OK,73149,855-808-8875,dozr@sunstateequip.com,Rental House/Dealer
Sunstate Equipment - Tulsa OK,1315 North 105th East Avenue,Tulsa,OK,74116,855-808-8875,dozr@sunstateequip.com,Rental House/Dealer
Sunstate Equipment - Portland OR,5413 Northeast Columbia Boulevard,Portland,OR,97218,855-808-8875,dozr@sunstateequip.com,Rental House/Dealer
Sunstate Equipment - Charleston SC,7221 Cross Park Dr,North Charleston,SC,29418,855-808-8875,dozr@sunstateequip.com,Rental House/Dealer
Sunstate Equipment - La Vergne TN,1500 J P Hennessy Dr,La Vergne,TN,37086,855-808-8875,dozr@sunstateequip.com,Rental House/Dealer
Sunstate Equipment - Memphis TN,3017 Ferrell Park Cove,Memphis,TN,38116,855-808-8875,dozr@sunstateequip.com,Rental House/Dealer
Sunstate Equipment - Nashville TN,1111 Polk Avenue,Nashville,TN,37210,855-808-8875,dozr@sunstateequip.com,Rental House/Dealer
Sunstate Equipment - Austin TX,16436 North Interstate Highway 35,Austin,TX,78728,855-808-8875,dozr@sunstateequip.com,Rental House/Dealer
Sunstate Equipment - Balch Springs TX,5005 South Peachtree Road,Balch Springs,TX,75180,855-808-8875,dozr@sunstateequip.com,Rental House/Dealer
Sunstate Equipment - Beaumont TX,4745 Jerry Ware Dr,Beaumont,TX,77705,855-808-8875,dozr@sunstateequip.com,Rental House/Dealer
Sunstate Equipment - Bryan TX,1747 North Earl Rudder Freeway,Bryan,TX,77803,855-808-8875,dozr@sunstateequip.com,Rental House/Dealer
Sunstate Equipment - Buda TX,14901 S I-35 Frontage Rd,Buda,TX,78610,855-808-8875,dozr@sunstateequip.com,Rental House/Dealer
Sunstate Equipment - Carrollton TX,1110 West Jackson Road,Carrollton,TX,75006,855-808-8875,dozr@sunstateequip.com,Rental House/Dealer
Sunstate Equipment - Freeport (Clute) TX,211 W Plantation Dr,Clute,TX,77531,855-808-8875,dozr@sunstateequip.com,Rental House/Dealer
Sunstate Equipment - Conroe,661 Frazier Commerce Drive,Conroe,TX,77303,855-808-8875,dozr@sunstateequip.com,Rental House/Dealer
Sunstate Equipment - Corpus Christi TX,232 N Padre Island Dr,Corpus Christi,TX,78406,855-808-8875,dozr@sunstateequip.com,Rental House/Dealer
Sunstate Equipment - Dallas TX (Duncanville),4100 Duncanville Road,Dallas,TX,75236,855-808-8875,dozr@sunstateequip.com,Rental House/Dealer
Sunstate Equipment - Duncanville,4100 Duncanville Road,Duncanville,TX,75236,855-808-8875,dozr@sunstateequip.com,Rental House/Dealer
Sunstate Equipment - El Paso TX,8660 Castner Drive,El Paso,TX,79907,855-808-8875,dozr@sunstateequip.com,Rental House/Dealer
Sunstate Equipment - Forth Worth TX,701 Westport Parkway,Fort Worth,TX,76177,855-808-8875,dozr@sunstateequip.com,Rental House/Dealer
"Sunstate Equipment - South Fort Worth, TX",8000 South Freeway,Fort Worth,TX,76134,855-808-8875,dozr@sunstateequip.com,Rental House/Dealer
Sunstate Equipment - Fort Worth - South,8000 S Freeway,Fort Worth - South,TX,76134,855-808-8875,dozr@sunstateequip.com,Rental House/Dealer
Sunstate Equipment - Freeport,211 W Plantation Drive,Freeport,TX,77531,855-808-8875,dozr@sunstateequip.com,Rental House/Dealer
Sunstate Equipment - South Houston TX,15518 Beamer Rd,Friendswood,TX,77546,855-808-8875,dozr@sunstateequip.com,Rental House/Dealer
Sunstate Equipment - Houston East TX,5121 Oates Road,Houston,TX,77013,855-808-8875,dozr@sunstateequip.com,Rental House/Dealer
Sunstate Equipment - North Houston TX,1111 North Sam Houston Parkway East,Houston,TX,77032,855-808-8875,dozr@sunstateequip.com,Rental House/Dealer
Sunstate Equipment - Houston-2,1111 N Sam Houston Parkway E,Houston-2,TX,77032,855-808-8875,dozr@sunstateequip.com,Rental House/Dealer
Sunstate Equipment - Houston-4,5121 Oates Road,Houston-4,TX,77013,855-808-8875,dozr@sunstateequip.com,Rental House/Dealer
Sunstate Equipment - Houston  (Cypress) TX ,21229 FM 529,Katy,TX,77449,855-808-8875,dozr@sunstateequip.com,Rental House/Dealer
Sunstate Equipment - Killeen TX,2102 Martin Luther King Junior Boulevard,Killeen,TX,76543,855-808-8875,dozr@sunstateequip.com,Rental House/Dealer
Sunstate Equipment - Krum TX (formerly AJ Equipment Rentals),16450 US-380,Krum,TX,76249,855-808-8875,dozr@sunstateequip.com,Rental House/Dealer
Sunstate Equipment - La Porte,4462 Genoa Red Bluff Road,La Porte,TX,77059,855-808-8875,dozr@sunstateequip.com,Rental House/Dealer
Sunstate Equipment - Mckinney TX,10041 West University Drive,McKinney,TX,75071,855-808-8875,dozr@sunstateequip.com,Rental House/Dealer
Sunstate Equipment - Odessa TX,1250 South John Ben Shepperd Parkway,Odessa,TX,79761,855-808-8875,dozr@sunstateequip.com,Rental House/Dealer
Sunstate Equipment - Rosenberg,3940 Reese Road,Rosenberg,TX,77471,855-808-8875,dozr@sunstateequip.com,Rental House/Dealer
Sunstate Equipment - San Antonio TX,6035 Northeast Interstate 410 Loop,San Antonio,TX,78218,855-808-8875,dozr@sunstateequip.com,Rental House/Dealer
Sunstate Equipment - Southlake TX,300 Bank Street,Southlake,TX,76092,855-808-8875,dozr@sunstateequip.com,Rental House/Dealer
Sunstate Equipment - Lindon UT,West 300 South,Lindon,UT,84042,855-808-8875,dozr@sunstateequip.com,Rental House/Dealer
Sunstate Equipment - Ogden UT,West 1350 South,Ogden,UT,84401,855-808-8875,dozr@sunstateequip.com,Rental House/Dealer
Sunstate Equipment - Salt Lake City UT,2051 North Redwood Road,Salt Lake City,UT,84116,855-808-8875,dozr@sunstateequip.com,Rental House/Dealer
Sunstate Equipment - Seattle (Kent) WA,8612 South 218th Street,Kent,WA,98031,855-808-8875,dozr@sunstateequip.com,Rental House/Dealer
Sunstate Equipment - Lakewood,8909 S Tacoma Way,Lakewood,WA,98499,855-808-8875,dozr@sunstateequip.com,Rental House/Dealer
Sunstate Equipment - Lakewood WA,8909 S Tacoma Way,Tacoma,WA,98499,855-808-8875,dozr@sunstateequip.com,Rental House/Dealer
Sunstate Equipment - Woodinville WA,21818 76th Drive Southeast,Woodinville,WA,98072,855-808-8875,dozr@sunstateequip.com,Rental House/Dealer
