{
  "locations": [
    "Lima Street Denver, CO",
    "Farish Street Jackson, MS",
    "Brittmoore Road Houston, TX",
    "Point Drive Washington, PA",
    "Ctc Boulevard Louisville, CO",
    "Park Center Midvale, UT",
    "8Th Avenue, NY",
    "Boulevard Las Vegas, NV",
    "Street Hickory Hills, IL",
    "Islands Drive Sparks, NV",
    "Tina Lane Surprise, AZ",
    "Tree Street Hesperia, CA",
    "Service Road Baytown, TX",
    "Main Street Yuma, AZ",
    "Unit #5 Markham, ON",
    "Crews Drive Columbia, SC",
    "Loop Haltom City, TX",
    "Howard Avenue Tampa, FL",
    "North Crystal Beach, TX",
    "Chapel Road Pelham, NC",
    "Road Suite Sunnyvale, TX",
    "Riviera Boulevard Miramar, FL",
    "Grand Avenue Waukesha, WI",
    "Route Notre-Dame-Des-Prairies, QC",
    "University Boulevard Brownsville, TX",
    "57Th Street Doral, FL",
    "Butler Lane Ashland, OR",
    "Brookdale Drive Charlotte, NC",
    "Road Santa Ysabel, CA",
    "Miami Court Miami, FL",
    "Ferry Road Marietta, GA",
    "4Th Street Hubbard, TX",
    "Orion Road Crawford, TX",
    "Road Fort Dix, NJ",
    "44Th Place Phoenix, AZ",
    "Rd Lake Placid, FL",
    "Logistics Drive Kyle, TX",
    "Bradbury Lane Prairieville, LA",
    "Avenue East Nisku, AB",
    "Heathcote Avenue Toronto, ON",
    "Military Road Benton, AR",
    "Avenue Unit Toronto, ON",
    "Playa Del Rey, CA",
    "Bennett Road Toledo, OH",
    "Street East Berlin, PA",
    "Road East Hamilton, ON",
    "Maple Avenue Denver, CO",
    "Bright Road Hernando, MS",
    "Boulevard Cedar Hill, TX",
    "Elizabeth Avenue Linden, NJ",
    "Blanca Santa Fe, NM",
    "Oaks Lane Beaumont, TX",
    "Disco Road Toronto, ON",
    "Constance Way Phoenix, AZ",
    "Linger Lane Austin, TX",
    "Ranch Road Scottsdale, AZ",
    "Kingsley Road Garland, TX",
    "Intermarket Road Cambridge, ON",
    "49Th Avenue Queens, NY",
    "Drive Southeast Salem, OR",
    "Street South Uxbridge, ON",
    "Salado Parkway Mesa, AZ",
    "Fourth Street Berkeley, CA",
    "Center Oak Brook, IL",
    "Howard Boulevard Kathleen, FL",
    "Hill Road Windham, CT",
    "North Geraldine Avenue, OK",
    "19Th Avenue Phoenix, AZ",
    "Aronov Drive Fairfield, AL",
    "2Nd Street Phoenix, AZ",
    "U.S. Bridgewater, NJ",
    "Newark Street Newark, NJ",
    "Main Street Roseville, CA",
    "Kings Plaza Brooklyn, NY",
    "Chagrin Boulevard Woodmere, OH",
    "Butte Road Mesa, AZ",
    "Commerce Road Richmond, VA",
    "Street East Bradenton, FL",
    "West Palm Beach, FL",
    "Simona Drive Bolton, ON",
    "Drive Great Falls, MT",
    "Radio Way Missoula, MT",
    "Highway, MO",
    "Cypress Road Spring, TX",
    "Wapello Street Altadena, CA",
    "Vintage Way Novato, CA",
    "Court Stone Mountain, GA",
    "Street St. Louis, MO",
    "Memorial Drive Tulsa, OK",
    "Gulfport Ms Gulfport, MS",
    "Suite Indian Land, SC",
    "Drive Longboat Key, FL",
    "Road Fruitland Park, FL",
    "South St. Petersburg, FL",
    "Market Road Putnam, TX",
    "199Th Ter Aventura, FL",
    "Lafayette Street, NY",
    "East Jersey City, NJ",
    "Yonge Street Toronto, ON",
    "Thacker Loop Oxford, MS",
    "Slover Avenue Fontana, CA",
    "Street Rancho Dominguez, CA",
    "Garden Road Orlando, FL",
    "Macedonia Road White, GA",
    "University Avenue Toronto, ON",
    "Drive Los Angeles, CA",
    "Horse Road Greenville, SC",
    "Hutchins Road Hutchins, TX",
    "Vista Street Sarasota, FL",
    "Parkway Corpus Christi, TX",
    "Road Dade City, FL",
    "Titus Place Walton, NY",
    "Philadelphus Road Pembroke, NC",
    "Avenue Northwest Atlanta, GA",
    "Clearbrook Road Abbotsford, BC",
    "Glenn Drive Sterling, VA",
    "Suite Flower Mound, TX",
    "Northwest Los Lunas, NM",
    "Charleswood Drive Toronto, ON",
    "92Nd Street Brooklyn, NY",
    "Wilson Avenue Toronto, ON",
    "Drive Presque Isle, ME",
    "Run Trail Sherman, CT",
    "Drive Lake Forest, CA",
    "Drive Cape Coral, FL",
    "Andrews Drive Pleasanton, CA",
    "91St St, NY",
    "Salt Lake City, UT",
    "Federation Way Irvine, CA",
    "Preston Road Plano, TX",
    "Street Northeast Aiken, SC",
    "Valley Lane Towson, MD",
    "Dupont Street Toronto, ON",
    "Road New Boston, TX",
    "Crossing Road Dallas, TX",
    "Street Langley Township, BC",
    "Pinewood Pl Mims, FL",
    "Avenue Southwest Seattle, WA",
    "Nieman Avenue Baltimore, MD",
    "Holland Avenue Dallas, TX",
    "Road Palm Springs, CA",
    "Lane Rocky Top, TN",
    "Drive Laguna Hills, CA",
    "Circle Costa Mesa, CA",
    "Lane West Oakville, ON",
    "Road Queen Creek, AZ",
    "Main Street Franklin, IN",
    "37Th Avenue Opa-Locka, FL",
    "Run San Antonio, TX",
    "Florence Street Wichita, KS"
  ],
  "location_counts": {
    "Lima Street Denver, CO": 1,
    "Farish Street Jackson, MS": 1,
    "Brittmoore Road Houston, TX": 1,
    "Point Drive Washington, PA": 1,
    "Ctc Boulevard Louisville, CO": 1,
    "Park Center Midvale, UT": 1,
    "8Th Avenue, NY": 1,
    "Boulevard Las Vegas, NV": 1,
    "Street Hickory Hills, IL": 2,
    "Islands Drive Sparks, NV": 1,
    "Tina Lane Surprise, AZ": 1,
    "Tree Street Hesperia, CA": 1,
    "Service Road Baytown, TX": 1,
    "Main Street Yuma, AZ": 1,
    "Unit #5 Markham, ON": 1,
    "Crews Drive Columbia, SC": 1,
    "Loop Haltom City, TX": 1,
    "Howard Avenue Tampa, FL": 1,
    "North Crystal Beach, TX": 1,
    "Chapel Road Pelham, NC": 1,
    "Road Suite Sunnyvale, TX": 1,
    "Riviera Boulevard Miramar, FL": 1,
    "Grand Avenue Waukesha, WI": 1,
    "Route Notre-Dame-Des-Prairies, QC": 1,
    "University Boulevard Brownsville, TX": 1,
    "57Th Street Doral, FL": 1,
    "Butler Lane Ashland, OR": 1,
    "Brookdale Drive Charlotte, NC": 1,
    "Road Santa Ysabel, CA": 1,
    "Miami Court Miami, FL": 1,
    "Ferry Road Marietta, GA": 1,
    "4Th Street Hubbard, TX": 1,
    "Orion Road Crawford, TX": 1,
    "Road Fort Dix, NJ": 1,
    "44Th Place Phoenix, AZ": 1,
    "Rd Lake Placid, FL": 1,
    "Logistics Drive Kyle, TX": 2,
    "Bradbury Lane Prairieville, LA": 1,
    "Avenue East Nisku, AB": 1,
    "Heathcote Avenue Toronto, ON": 1,
    "Military Road Benton, AR": 1,
    "Avenue Unit Toronto, ON": 1,
    "Playa Del Rey, CA": 1,
    "Bennett Road Toledo, OH": 1,
    "Street East Berlin, PA": 1,
    "Road East Hamilton, ON": 1,
    "Maple Avenue Denver, CO": 1,
    "Bright Road Hernando, MS": 1,
    "Boulevard Cedar Hill, TX": 1,
    "Elizabeth Avenue Linden, NJ": 1,
    "Blanca Santa Fe, NM": 1,
    "Oaks Lane Beaumont, TX": 1,
    "Disco Road Toronto, ON": 1,
    "Constance Way Phoenix, AZ": 1,
    "Linger Lane Austin, TX": 1,
    "Ranch Road Scottsdale, AZ": 1,
    "Kingsley Road Garland, TX": 1,
    "Intermarket Road Cambridge, ON": 1,
    "49Th Avenue Queens, NY": 2,
    "Drive Southeast Salem, OR": 1,
    "Street South Uxbridge, ON": 1,
    "Salado Parkway Mesa, AZ": 1,
    "Fourth Street Berkeley, CA": 1,
    "Center Oak Brook, IL": 1,
    "Howard Boulevard Kathleen, FL": 1,
    "Hill Road Windham, CT": 1,
    "North Geraldine Avenue, OK": 1,
    "19Th Avenue Phoenix, AZ": 1,
    "Aronov Drive Fairfield, AL": 1,
    "2Nd Street Phoenix, AZ": 1,
    "U.S. Bridgewater, NJ": 1,
    "Newark Street Newark, NJ": 1,
    "Main Street Roseville, CA": 1,
    "Kings Plaza Brooklyn, NY": 1,
    "Chagrin Boulevard Woodmere, OH": 1,
    "Butte Road Mesa, AZ": 1,
    "Commerce Road Richmond, VA": 1,
    "Street East Bradenton, FL": 1,
    "West Palm Beach, FL": 1,
    "Simona Drive Bolton, ON": 1,
    "Drive Great Falls, MT": 1,
    "Radio Way Missoula, MT": 1,
    "Highway, MO": 1,
    "Cypress Road Spring, TX": 1,
    "Wapello Street Altadena, CA": 1,
    "Vintage Way Novato, CA": 1,
    "Court Stone Mountain, GA": 1,
    "Street St. Louis, MO": 1,
    "Memorial Drive Tulsa, OK": 1,
    "Gulfport Ms Gulfport, MS": 1,
    "Suite Indian Land, SC": 1,
    "Drive Longboat Key, FL": 1,
    "Road Fruitland Park, FL": 1,
    "South St. Petersburg, FL": 1,
    "Market Road Putnam, TX": 1,
    "199Th Ter Aventura, FL": 1,
    "Lafayette Street, NY": 1,
    "East Jersey City, NJ": 1,
    "Yonge Street Toronto, ON": 1,
    "Thacker Loop Oxford, MS": 1,
    "Slover Avenue Fontana, CA": 1,
    "Street Rancho Dominguez, CA": 1,
    "Garden Road Orlando, FL": 1,
    "Macedonia Road White, GA": 1,
    "University Avenue Toronto, ON": 1,
    "Drive Los Angeles, CA": 1,
    "Horse Road Greenville, SC": 1,
    "Hutchins Road Hutchins, TX": 1,
    "Vista Street Sarasota, FL": 1,
    "Parkway Corpus Christi, TX": 1,
    "Road Dade City, FL": 1,
    "Titus Place Walton, NY": 1,
    "Philadelphus Road Pembroke, NC": 1,
    "Avenue Northwest Atlanta, GA": 1,
    "Clearbrook Road Abbotsford, BC": 1,
    "Glenn Drive Sterling, VA": 1,
    "Suite Flower Mound, TX": 1,
    "Northwest Los Lunas, NM": 1,
    "Charleswood Drive Toronto, ON": 1,
    "92Nd Street Brooklyn, NY": 1,
    "Wilson Avenue Toronto, ON": 1,
    "Drive Presque Isle, ME": 1,
    "Run Trail Sherman, CT": 1,
    "Drive Lake Forest, CA": 1,
    "Drive Cape Coral, FL": 1,
    "Andrews Drive Pleasanton, CA": 1,
    "91St St, NY": 1,
    "Salt Lake City, UT": 1,
    "Federation Way Irvine, CA": 1,
    "Preston Road Plano, TX": 1,
    "Street Northeast Aiken, SC": 1,
    "Valley Lane Towson, MD": 1,
    "Dupont Street Toronto, ON": 1,
    "Road New Boston, TX": 1,
    "Crossing Road Dallas, TX": 1,
    "Street Langley Township, BC": 1,
    "Pinewood Pl Mims, FL": 1,
    "Avenue Southwest Seattle, WA": 1,
    "Nieman Avenue Baltimore, MD": 1,
    "Holland Avenue Dallas, TX": 1,
    "Road Palm Springs, CA": 1,
    "Lane Rocky Top, TN": 1,
    "Drive Laguna Hills, CA": 1,
    "Circle Costa Mesa, CA": 1,
    "Lane West Oakville, ON": 1,
    "Road Queen Creek, AZ": 1,
    "Main Street Franklin, IN": 1,
    "37Th Avenue Opa-Locka, FL": 1,
    "Run San Antonio, TX": 1,
    "Florence Street Wichita, KS": 1
  },
  "state_counts": {
    "CO": 3,
    "MS": 4,
    "TX": 24,
    "PA": 2,
    "UT": 2,
    "NY": 8,
    "NV": 2,
    "IL": 3,
    "AZ": 10,
    "CA": 16,
    "ON": 14,
    "SC": 4,
    "FL": 18,
    "NC": 3,
    "WI": 1,
    "QC": 1,
    "OR": 2,
    "GA": 4,
    "NJ": 5,
    "LA": 1,
    "AB": 1,
    "AR": 1,
    "OH": 2,
    "NM": 2,
    "CT": 2,
    "OK": 2,
    "AL": 1,
    "VA": 2,
    "MT": 2,
    "MO": 2,
    "BC": 2,
    "ME": 1,
    "MD": 2,
    "WA": 1,
    "TN": 1,
    "IN": 1,
    "KS": 1
  }
}