{
  "closed_won_locations": {
    "Miramar, FL": 1,
    "Toledo, OH": 1,
    "Macclenny, FL": 1,
    "Pelham, NC": 1,
    "Baytown, TX": 1,
    "Brownsville, TX": 1,
    "Portland, OR": 1,
    "Markham, ON": 2,
    "Tampa, FL": 1,
    "Crystal Beach, TX": 1,
    "Notre-Dame-des-Prairies, QC": 1,
    "Sunnyvale, TX": 1,
    "Denver, CO": 1,
    "Chapel Hill, NC": 1,
    "Fort Wayne, IN": 1,
    "Brooklyn, NY": 3,
    "Birmingham, AL": 1,
    "Doral, FL": 1,
    "Charlotte, NC": 1,
    "Waukesha, WI": 1,
    "Ashland, OR": 1,
    "Bremond, TX": 1,
    "Joliet, IL": 1,
    "Whitesboro, TX": 1,
    "McDonald, TN": 1,
    "Santa Ysabel, CA": 1,
    "Miami, FL": 1,
    "Crawford, TX": 1,
    "fort Dix, NJ": 1,
    "Lebanon, MO": 1,
    "Saint Davids, PA": 2,
    "Nisku, AB": 1,
    "Hubbard, TX": 1,
    "Cedar Hill, TX": 1,
    "Marana, AZ": 1,
    "Marietta, GA": 1,
    "Phoenix, AZ": 5,
    "Hernando, MS": 1,
    "Mesquite, TX": 2,
    "Kyle, TX": 2,
    "Lake Placid, FL": 1,
    "East Berlin, PA": 1,
    "Ottawa, ON": 1,
    "Miami Beach, FL": 1,
    "Southfield, MI": 3,
    "Prairieville, LA": 1,
    "Elgin, IL": 1,
    "Toronto, ON": 9,
    "Hamilton, ON": 1,
    "Malaga, WA": 1,
    "Playa del rey, CA": 1,
    "Benton, AR": 1,
    "Brampton, ON": 1,
    "Houston, TX": 1,
    "Hickory, NC": 1,
    "Scottsdale, AZ": 1,
    "Austin, TX": 1,
    "Hope Hull, AL": 1,
    "Mississauga, ON": 3,
    "Salem, OR": 1,
    "Santa Fe, NM": 1,
    "Hawesville, KY": 1,
    "Los Angeles, CA": 4,
    "San Jose, CA": 1,
    "Pasadena, TX": 1,
    "Windham, CT": 1,
    "Kathleen, FL": 1,
    "Walton, NY": 1,
    "Queens, NY": 2,
    "Garland, TX": 1,
    "Uxbridge, ON": 1,
    "Berkeley, CA": 1,
    "Brooklyn Park, MN": 1,
    "Oakville, ON": 2,
    "West Palm Beach, FL": 1,
    "Mesa, AZ": 3,
    "Oklahoma City, OK": 1,
    "Bridgewater, NJ": 1,
    "Newark, NJ": 1,
    "Millstone Township, NJ": 1,
    "Oak Brook, IL": 1,
    "Roseville, CA": 1,
    "Bolton, ON": 1,
    "Fairfield, AL": 1,
    "Richmond, VA": 1,
    "St. Louis, MO": 1,
    "Santa Clarita, CA": 1,
    "Woodmere, OH": 1,
    "Bradenton, FL": 1,
    "Orlando, FL": 1,
    "Moses Lake, WA": 1,
    "Pembroke, NC": 1,
    "Tulsa, OK": 1,
    "Novato, CA": 1,
    "Hutchins, TX": 1,
    "Irvine, CA": 1,
    "Placentia, CA": 1,
    "Altadena, CA": 1,
    "Great Falls, MT": 1,
    "Missoula, MT": 1,
    "Kleinburg Station, ON": 1,
    "Spring, TX": 1,
    "Putnam, TX": 1,
    "Greenville, SC": 1,
    "St. Petersburg, FL": 1,
    "Gulfport, MS": 1,
    "Stone Mountain, GA": 1,
    "Missouri City, TX": 1,
    "Brighton, CO": 2,
    "Fruitland Park, FL": 1,
    "Atlanta, GA": 2,
    "Jersey City, NJ": 1,
    "Indian Land, SC": 1,
    "Aventura, FL": 1,
    "Aurora, CO": 2,
    "Longboat Key, FL": 1,
    "New York, NY": 2,
    "Elgin, TX": 1,
    "Lombard, IL": 1,
    "Sarasota, FL": 1,
    "San Bruno, CA": 1,
    "Oxford, MS": 1,
    "Irving, TX": 1,
    "Flower Mound, TX": 1,
    "Fontana, CA": 1,
    "White, GA": 1,
    "Rancho Dominguez, CA": 1,
    "Corpus Christi, TX": 1,
    "Los Lunas, NM": 1,
    "Dade City, FL": 1,
    "Presque Isle, ME": 1,
    "Salt Lake City, UT": 1,
    "Rockport, TX": 1,
    "Myrtle Beach, SC": 2,
    "St. Catharines, ON": 1,
    "Abbotsford, BC": 1,
    "Greeley, CO": 1,
    "Erie, CO": 1,
    "Sterling, VA": 1,
    "Tonopah, NV": 1,
    "Lake Forest, CA": 1,
    "Coconut Creek, FL": 1,
    "Sherman, CT": 1,
    "Langley Township, BC": 1,
    "Fresno, CA": 1,
    "Baltimore, MD": 1,
    "Cape Coral, FL": 1,
    "Pleasanton, CA": 1,
    "New Boston, TX": 1,
    "Dallas, TX": 3,
    "Queen Creek, AZ": 1,
    "Seattle, WA": 1,
    "Aiken, SC": 1,
    "Towson, MD": 1,
    "Conroe, TX": 2,
    "Plano, TX": 1,
    "Tahoe Vista, CA": 1,
    "Rocky Top, TN": 1,
    "Northlake, TX": 1,
    "Leesburg, FL": 1,
    "Fountain Inn, SC": 1,
    "Mims, FL": 1,
    "Palm Springs, CA": 1,
    "Costa Mesa, CA": 1,
    "Laguna Hills, CA": 1,
    "Rancho Santa Fe, CA": 1,
    "North Charleston, SC": 1,
    "Franklin, IN": 1,
    "Centerton, AR": 1,
    "Breckenridge, TX": 1,
    "Clifton, TX": 1,
    "Dumas, TX": 1,
    "Marion Heights, PA": 1,
    "Bangor, MI": 1,
    "Elizabeth, CO": 1,
    "San Antonio, TX": 2,
    "Wichita, KS": 1,
    "Sunnyvale, CA": 1,
    "Opa-locka, FL": 1,
    "Central Square, NY": 1,
    "Fort Collins, CO": 2,
    "Tucson, AZ": 1,
    "Laredo, TX": 1,
    "New Braunfels, TX": 1,
    "Marshalltown, IA": 1,
    "Arcadia, CA": 1,
    "Opelika, AL": 1,
    "Hendersonville, TN": 1
  },
  "closed_won_states": {
    "FL": 22,
    "OH": 2,
    "NC": 5,
    "TX": 41,
    "OR": 3,
    "ON": 23,
    "QC": 1,
    "CO": 10,
    "IN": 2,
    "NY": 9,
    "AL": 4,
    "WI": 1,
    "IL": 4,
    "TN": 3,
    "CA": 27,
    "NJ": 5,
    "MO": 2,
    "PA": 4,
    "AB": 1,
    "AZ": 12,
    "GA": 5,
    "MS": 3,
    "MI": 4,
    "LA": 1,
    "WA": 3,
    "AR": 2,
    "NM": 2,
    "KY": 1,
    "CT": 2,
    "MN": 1,
    "OK": 2,
    "VA": 2,
    "MT": 2,
    "SC": 7,
    "ME": 1,
    "UT": 1,
    "BC": 2,
    "NV": 1,
    "MD": 2,
    "KS": 1,
    "IA": 1
  },
  "all_locations": {
    "Miramar, FL": 1,
    "Toledo, OH": 2,
    "Macclenny, FL": 1,
    "Bisbee, AZ": 1,
    "Santa Clarita, CA": 3,
    "Orlando, FL": 2,
    "Kitchener, ON": 1,
    "Concord, NC": 1,
    "Pelham, NC": 1,
    "Baytown, TX": 1,
    "West Vancouver, BC": 1,
    "Brownsville, TX": 1,
    "Portland, OR": 1,
    "Markham, ON": 3,
    "Tampa, FL": 1,
    "Los Angeles, CA": 6,
    "Crystal Beach, TX": 1,
    "Notre-Dame-des-Prairies, QC": 1,
    "Quinte West, ON": 1,
    "Sunnyvale, TX": 1,
    "Denver, CO": 1,
    "Chapel Hill, NC": 1,
    "Bogalusa, LA": 1,
    "Fort Wayne, IN": 1,
    "Brooklyn, NY": 3,
    "Springfield, VA": 1,
    "Birmingham, AL": 1,
    "Ayer, MA": 2,
    "Doral, FL": 1,
    "Charlotte, NC": 2,
    "Waukesha, WI": 1,
    "Saskatoon, SK": 1,
    "Ashland, OR": 1,
    "Bremond, TX": 1,
    "Joliet, IL": 1,
    "Whitesboro, TX": 1,
    "Coral Gables, FL": 1,
    "McDonald, TN": 1,
    "Santa Ysabel, CA": 1,
    "Miami, FL": 1,
    "Ridgeland, SC": 1,
    "Red Deer, AB": 1,
    "Toronto, ON": 12,
    "Crawford, TX": 1,
    "Lake Worth Beach, FL": 1,
    "Alexandria, KY": 1,
    "fort Dix, NJ": 1,
    "Lebanon, MO": 1,
    "Saint Davids, PA": 2,
    "Dallas, TX": 4,
    "Nisku, AB": 1,
    "Hubbard, TX": 1,
    "Cedar Hill, TX": 1,
    "Moorestown, NJ": 1,
    "Marana, AZ": 1,
    "Marietta, GA": 1,
    "Phoenix, AZ": 6,
    "Hernando, MS": 1,
    "Mesquite, TX": 2,
    "Kyle, TX": 2,
    "Lake Placid, FL": 1,
    "East Berlin, PA": 1,
    "Windsor, ON": 1,
    "Ottawa, ON": 1,
    "Miami Beach, FL": 1,
    "Southfield, MI": 3,
    "Allen, TX": 1,
    "Wolfforth, TX": 1,
    "Detroit, MI": 1,
    "Prairieville, LA": 1,
    "Elgin, IL": 1,
    "Hamilton, ON": 2,
    "Coquitlam, BC": 1,
    "Montgomery, TX": 1,
    "Malaga, WA": 1,
    "Mertzon, TX": 1,
    "Playa del rey, CA": 1,
    "Benton, AR": 1,
    "Raleigh, NC": 1,
    "Brampton, ON": 2,
    "Pasadena, TX": 2,
    "Houston, TX": 2,
    "Bloomington, CA": 1,
    "Hickory, NC": 1,
    "Scottsdale, AZ": 1,
    "Austin, TX": 3,
    "Hope Hull, AL": 1,
    "Ben Wheeler, TX": 1,
    "Mississauga, ON": 3,
    "Salem, OR": 1,
    "Mulhall, OK": 1,
    "Baltimore, MD": 3,
    "Santa Fe, NM": 1,
    "Hawesville, KY": 1,
    "Hatboro, PA": 1,
    "Las Vegas, NV": 2,
    "San Jose, CA": 1,
    "Cambridge, ON": 1,
    "Windham, CT": 1,
    "Fairfield, AL": 2,
    "Kathleen, FL": 1,
    "Atlanta, GA": 3,
    "Walton, NY": 2,
    "Clearwater, BC": 1,
    "Queens, NY": 2,
    "Riverton, UT": 1,
    "Vaughan, ON": 1,
    "Garland, TX": 1,
    "Greer, SC": 1,
    "El Segundo, CA": 1,
    "Batesville, MS": 1,
    "Uxbridge, ON": 1,
    "Berkeley, CA": 1,
    "Brooklyn Park, MN": 1,
    "Oakville, ON": 2,
    "Bakersfield, CA": 1,
    "West Palm Beach, FL": 1,
    "Mesa, AZ": 3,
    "Oklahoma City, OK": 1,
    "Bridgewater, NJ": 1,
    "Newark, NJ": 1,
    "Millstone Township, NJ": 1,
    "Oak Brook, IL": 1,
    "Roseville, CA": 1,
    "Dandridge, TN": 1,
    "Bolton, ON": 2,
    "Casselberry, FL": 1,
    "Richmond, VA": 1,
    "St. Louis, MO": 1,
    "North Brunswick Township, NJ": 1,
    "Woodmere, OH": 1,
    "Bradenton, FL": 2,
    "Moses Lake, WA": 1,
    "The Bronx, NY": 1,
    "Pembroke, NC": 1,
    "Woodlawn, MD": 1,
    "Tulsa, OK": 1,
    "Hahira, GA": 1,
    "Novato, CA": 1,
    "Hutchins, TX": 1,
    "Jacksonville, FL": 2,
    "La Mesa, CA": 1,
    "Irvine, CA": 1,
    "Beaumont, TX": 1,
    "Placentia, CA": 1,
    "Riverside, CA": 1,
    "Altadena, CA": 1,
    "Great Falls, MT": 1,
    "Missoula, MT": 1,
    "Kleinburg Station, ON": 1,
    "Spring, TX": 1,
    "Putnam, TX": 1,
    "Greenville, SC": 1,
    "St. Petersburg, FL": 1,
    "Farmingdale, NY": 1,
    "Gulfport, MS": 1,
    "Stone Mountain, GA": 1,
    "Missouri City, TX": 1,
    "Brighton, CO": 2,
    "Fruitland Park, FL": 1,
    "Palm Springs, CA": 2,
    "Jersey City, NJ": 1,
    "Yonkers, NY": 1,
    "Indian Land, SC": 1,
    "Aventura, FL": 1,
    "Aurora, CO": 2,
    "Murphys, CA": 1,
    "Longboat Key, FL": 1,
    "New York, NY": 2,
    "Elgin, TX": 1,
    "Lombard, IL": 1,
    "Sarasota, FL": 1,
    "Laredo, TX": 2,
    "San Bruno, CA": 1,
    "Oxford, MS": 1,
    "Irving, TX": 2,
    "Flower Mound, TX": 1,
    "Whitchurch-Stouffville, ON": 1,
    "Memphis, TN": 2,
    "Fontana, CA": 1,
    "White, GA": 1,
    "Little Rock, AR": 1,
    "Rancho Dominguez, CA": 1,
    "Pinecrest, FL": 1,
    "Tonopah, NV": 2,
    "Corpus Christi, TX": 1,
    "Los Lunas, NM": 1,
    "Bourne, MA": 1,
    "New Westminster, BC": 1,
    "Dade City, FL": 1,
    "Hollywood, FL": 1,
    "Presque Isle, ME": 1,
    "Salt Lake City, UT": 1,
    "Rockport, TX": 1,
    "Myrtle Beach, SC": 2,
    "St. Catharines, ON": 1,
    "Abbotsford, BC": 1,
    "Greeley, CO": 1,
    "Caledon, ON": 1,
    "Meherrin, VA": 1,
    "Erie, CO": 1,
    "Sterling, VA": 1,
    "Lake Forest, CA": 1,
    "Coconut Creek, FL": 1,
    "Sherman, CT": 1,
    "Langley Township, BC": 1,
    "Fresno, CA": 1,
    "Edgewater, MD": 1,
    "Cape Coral, FL": 1,
    "Pleasanton, CA": 1,
    "New Boston, TX": 1,
    "Queen Creek, AZ": 1,
    "Seattle, WA": 1,
    "Aiken, SC": 1,
    "Towson, MD": 1,
    "Conroe, TX": 2,
    "Plano, TX": 1,
    "Tahoe Vista, CA": 1,
    "Rocky Top, TN": 2,
    "Northlake, TX": 1,
    "Leesburg, FL": 1,
    "Big Spring, TX": 1,
    "Fountain Inn, SC": 1,
    "Mims, FL": 1,
    "Macon, GA": 1,
    "Trenton, IL": 1,
    "Costa Mesa, CA": 1,
    "Laguna Hills, CA": 1,
    "Rancho Santa Fe, CA": 1,
    "North Charleston, SC": 1,
    "Lafayette, CA": 1,
    "Franklin, IN": 1,
    "Centerton, AR": 1,
    "Breckenridge, TX": 1,
    "Clifton, TX": 1,
    "Dumas, TX": 1,
    "Marion Heights, PA": 1,
    "Bangor, MI": 1,
    "Elizabeth, CO": 1,
    "San Antonio, TX": 2,
    "Wichita, KS": 1,
    "Sunnyvale, CA": 1,
    "Opa-locka, FL": 1,
    "Central Square, NY": 1,
    "Fort Collins, CO": 2,
    "Tucson, AZ": 1,
    "New Braunfels, TX": 1,
    "Marshalltown, IA": 1,
    "Arcadia, CA": 1,
    "Opelika, AL": 1,
    "Hendersonville, TN": 1
  },
  "all_states": {
    "FL": 31,
    "OH": 3,
    "AZ": 14,
    "CA": 39,
    "ON": 37,
    "NC": 8,
    "TX": 55,
    "BC": 6,
    "OR": 3,
    "QC": 1,
    "CO": 10,
    "LA": 2,
    "IN": 2,
    "NY": 13,
    "VA": 4,
    "AL": 5,
    "MA": 3,
    "WI": 1,
    "SK": 1,
    "IL": 5,
    "TN": 7,
    "SC": 9,
    "AB": 2,
    "KY": 2,
    "NJ": 7,
    "MO": 2,
    "PA": 5,
    "GA": 8,
    "MS": 4,
    "MI": 5,
    "WA": 3,
    "AR": 3,
    "OK": 3,
    "MD": 6,
    "NM": 2,
    "NV": 4,
    "CT": 2,
    "UT": 2,
    "MN": 1,
    "MT": 2,
    "ME": 1,
    "KS": 1,
    "IA": 1
  }
}