{
  "extraction_date": "2026-02-19",
  "source": "Bobcat Dealer Locator",
  "total_dealers_found": 75,
  "regions_searched": ["Boston, MA", "New York, NY", "Houston, TX", "Atlanta, GA", "Chicago, IL"],
  "note": "Dealers deduplicated. Some overlap between regional searches removed.",
  "dealers": [
    {"dealer_name": "Bobcat of Boston", "address": "20 Concord St. N.", "city": "North Reading", "state": "MA", "zip": "01864", "phone": "978-664-3727"},
    {"dealer_name": "Bobcat of South Shore", "address": "1278 Bedford St", "city": "Bridgewater", "state": "MA", "zip": "02324", "phone": "508-217-6130"},
    {"dealer_name": "Bobcat of Worcester", "address": "6 Westec Dr", "city": "Auburn", "state": "MA", "zip": "01501", "phone": "(508) 752-8844"},
    {"dealer_name": "Bobcat of New Hampshire (Hudson)", "address": "2 Rebel Rd", "city": "Hudson", "state": "NH", "zip": "03051", "phone": "(603) 579-9955"},
    {"dealer_name": "Bobcat of Rhode Island", "address": "421 Lincoln Avenue", "city": "Warwick", "state": "RI", "zip": "02888", "phone": "401-921-4300"},
    {"dealer_name": "Bobcat of Cape Cod", "address": "170 Macarthur Blvd", "city": "Bourne", "state": "MA", "zip": "02532", "phone": "508-759-5020"},
    {"dealer_name": "Bobcat of New Hampshire (Chichester)", "address": "9 Dover Road #4", "city": "Chichester", "state": "NH", "zip": "03258", "phone": "(603) 224-1234"},
    {"dealer_name": "Bobcat of Greater Springfield", "address": "181 Wayside Avenue", "city": "West Springfield", "state": "MA", "zip": "01089", "phone": "(413) 746-4647"},
    {"dealer_name": "Bobcat of Connecticut (E. Hartford)", "address": "54 Alna Lane", "city": "East Hartford", "state": "CT", "zip": "06108", "phone": "(860) 282-2648"},
    {"dealer_name": "Jordan Equipment Company", "address": "18 Blackstrap Road", "city": "Falmouth", "state": "ME", "zip": "04105", "phone": "(207) 797-2240"},
    {"dealer_name": "Woodsville Power Equipment", "address": "3 Hardy Rd", "city": "Enfield", "state": "NH", "zip": "03748", "phone": "603-747-2322"},
    {"dealer_name": "Goff's Equipment Service (Litchfield)", "address": "620 Torrington Road", "city": "Litchfield", "state": "CT", "zip": "06759", "phone": "860-482-3600"},
    {"dealer_name": "South Side Sales & Service", "address": "546 Curran Hwy", "city": "North Adams", "state": "MA", "zip": "01247", "phone": "413-664-7111"},
    {"dealer_name": "Goff's Equipment Service (Hillsdale)", "address": "2714 NY-23", "city": "Hillsdale", "state": "NY", "zip": "12529", "phone": "(518) 672-6560"},
    {"dealer_name": "Bobcat of Woodsville", "address": "4942 Dartmouth College Hwy", "city": "Woodsville", "state": "NH", "zip": "03785", "phone": "603-747-2322"},
    {"dealer_name": "Bobcat of New York City", "address": "5864 Maurice Avenue", "city": "Maspeth", "state": "NY", "zip": "11378", "phone": "(718) 366-7930"},
    {"dealer_name": "Bobcat of Mamaroneck", "address": "964 E. Boston Road", "city": "Mamaroneck", "state": "NY", "zip": "10543", "phone": "914-698-0280"},
    {"dealer_name": "Bobcat of North Jersey", "address": "201 Maltese Drive", "city": "Totowa", "state": "NJ", "zip": "07512", "phone": "(973) 774-9500"},
    {"dealer_name": "Bobcat of Central Jersey", "address": "45 Route 22 East", "city": "Green Brook", "state": "NJ", "zip": "08812", "phone": "(732) 752-0002"},
    {"dealer_name": "Bobcat of Westchester", "address": "5742 Albany Post Road", "city": "Cortlandt Manor", "state": "NY", "zip": "10567", "phone": "914-737-3990"},
    {"dealer_name": "Garden State Bobcat", "address": "999 Route 33", "city": "Freehold", "state": "NJ", "zip": "07728", "phone": "(732) 780-6880"},
    {"dealer_name": "Bobcat of Long Island", "address": "24 Industrial Boulevard", "city": "Medford", "state": "NY", "zip": "11763", "phone": "(631) 447-2228"},
    {"dealer_name": "Bobcat of Connecticut (Stratford)", "address": "821 Woodend Road", "city": "Stratford", "state": "CT", "zip": "06615", "phone": "(203) 380-2300"},
    {"dealer_name": "Bobcat of Hainesport", "address": "1395 Route 38", "city": "Hainesport", "state": "NJ", "zip": "08036", "phone": "609-385-4604"},
    {"dealer_name": "Summit Handling Systems (Walden)", "address": "2500 Route 208", "city": "Walden", "state": "NY", "zip": "12586", "phone": "845-569-8195"},
    {"dealer_name": "Summit Handling Systems (Poughkeepsie)", "address": "14 Commerce Street Extension", "city": "Poughkeepsie", "state": "NY", "zip": "12603", "phone": "203-902-5273"},
    {"dealer_name": "Bobcat of Philadelphia", "address": "900 Louis Dr", "city": "Warminster", "state": "PA", "zip": "18974", "phone": "215-675-3009"},
    {"dealer_name": "Bobcat of Lehigh Valley", "address": "1315 Hausman Road", "city": "Allentown", "state": "PA", "zip": "18104", "phone": "484-223-3814"},
    {"dealer_name": "Bobcat of Milford", "address": "284 US-209 & US-6", "city": "Milford", "state": "PA", "zip": "18337", "phone": "(914) 762-9890"},
    {"dealer_name": "Bobcat of Monticello", "address": "134 Bridgeville Rd", "city": "Monticello", "state": "NY", "zip": "12701", "phone": "845-796-9001"},
    {"dealer_name": "Bobcat of Houston/Pearland", "address": "14525 Almeda School Road", "city": "Houston", "state": "TX", "zip": "77047", "phone": "(713) 413-2200"},
    {"dealer_name": "Bobcat of Houston (NW)", "address": "18340 Northwest Fwy", "city": "Houston", "state": "TX", "zip": "77065", "phone": "(281) 477-8646"},
    {"dealer_name": "Bobcat of Houston (Porter)", "address": "24415 US Hwy 59", "city": "Porter", "state": "TX", "zip": "77365", "phone": "281-640-3003"},
    {"dealer_name": "Bobcat of Houston (Rosenberg)", "address": "4725 Business Park Dr.", "city": "Rosenberg", "state": "TX", "zip": "77471", "phone": "281-845-2450"},
    {"dealer_name": "Bobcat of Houston (Baytown)", "address": "7557 Bay Ten Ln", "city": "Baytown", "state": "TX", "zip": "77523", "phone": "281-640-3001"},
    {"dealer_name": "Bobcat of Houston/Conroe", "address": "4209 North Frazier Street", "city": "Conroe", "state": "TX", "zip": "77303", "phone": "936-890-6790"},
    {"dealer_name": "Bobcat of Beaumont", "address": "1535 East Cardinal Dr.", "city": "Beaumont", "state": "TX", "zip": "77705", "phone": "409-835-2200"},
    {"dealer_name": "Bobcat of Brazos Valley", "address": "9640 East State Highway 21", "city": "Bryan", "state": "TX", "zip": "77808", "phone": "979-314-9222"},
    {"dealer_name": "Bobcat of Victoria", "address": "TBD", "city": "Victoria", "state": "TX", "zip": "TBD", "phone": "361-579-0922"},
    {"dealer_name": "Bobcat of Lake Charles", "address": "TBD", "city": "Lake Charles", "state": "LA", "zip": "TBD", "phone": "337-433-4500"},
    {"dealer_name": "Bobcat of Temple", "address": "TBD", "city": "Temple", "state": "TX", "zip": "TBD", "phone": "254-523-4900"},
    {"dealer_name": "Bobcat of Marion", "address": "TBD", "city": "Marion", "state": "TX", "zip": "TBD", "phone": "830-420-9020"},
    {"dealer_name": "Bobcat of Austin", "address": "TBD", "city": "Austin", "state": "TX", "zip": "TBD", "phone": "(512) 251-3415"},
    {"dealer_name": "Bobcat of Atlanta (Riverdale)", "address": "6440 Highway 85", "city": "Riverdale", "state": "GA", "zip": "30274", "phone": "770-242-6297"},
    {"dealer_name": "Bobcat of Atlanta (Best Friend)", "address": "6972 Best Friend Rd", "city": "Atlanta", "state": "GA", "zip": "30340", "phone": "770-242-6500"},
    {"dealer_name": "Bobcat of Atlanta (Kennesaw)", "address": "2985 Cobb Parkway NW", "city": "Kennesaw", "state": "GA", "zip": "30152", "phone": "770-850-1443"},
    {"dealer_name": "Bobcat of Atlanta (Peachtree City)", "address": "306 Dividend Dr.", "city": "Peachtree City", "state": "GA", "zip": "30269", "phone": "770-242-6500"},
    {"dealer_name": "Bobcat of Atlanta (Covington)", "address": "5190 Hwy 278 NE", "city": "Covington", "state": "GA", "zip": "30014", "phone": "770-242-6500"},
    {"dealer_name": "Bobcat of Atlanta (Carrollton)", "address": "102 Cable Industrial Way", "city": "Carrollton", "state": "GA", "zip": "30117", "phone": "770-242-6500"},
    {"dealer_name": "Bobcat of Atlanta (Gainesville)", "address": "1780 M.L.K. Blvd", "city": "Gainesville", "state": "GA", "zip": "30501", "phone": "770-242-6500"},
    {"dealer_name": "Bobcat Lake Oconee", "address": "1000 Bobcat Drive", "city": "Greensboro", "state": "GA", "zip": "30642", "phone": "706-453-0017"},
    {"dealer_name": "Atlas Bobcat (Elk Grove Village)", "address": "1160 Mccabe Ave", "city": "Elk Grove Village", "state": "IL", "zip": "60007", "phone": "847-640-0025"},
    {"dealer_name": "Atlas Bobcat (Mokena)", "address": "8100 188th Street", "city": "Mokena", "state": "IL", "zip": "60448", "phone": "708-479-5600"},
    {"dealer_name": "Atlas Bobcat (West Chicago)", "address": "600 W. Roosevelt Road", "city": "West Chicago", "state": "IL", "zip": "60185", "phone": "630-231-3737"},
    {"dealer_name": "Atlas Bobcat (Wauconda)", "address": "552 South Rand Road", "city": "Wauconda", "state": "IL", "zip": "60084", "phone": "847-526-2200"},
    {"dealer_name": "Atlas Bobcat (Merrillville)", "address": "8209 Grand Blvd", "city": "Merrillville", "state": "IN", "zip": "46410", "phone": "219-756-5000"},
    {"dealer_name": "Atlas Bobcat (Yorkville)", "address": "106 Beaver Street", "city": "Yorkville", "state": "IL", "zip": "60560", "phone": "630-553-7090"},
    {"dealer_name": "Bobcat of Kenosha", "address": "1242 122nd Ave.", "city": "Kenosha", "state": "WI", "zip": "53144", "phone": "262-857-2887"},
    {"dealer_name": "Atlas Bobcat (DeKalb)", "address": "1805 East Lincoln Highway", "city": "DeKalb", "state": "IL", "zip": "60115", "phone": "815-756-2400"},
    {"dealer_name": "Bobcat of Cherry Valley", "address": "5925 Wheeler Road North", "city": "Cherry Valley", "state": "IL", "zip": "61016", "phone": "815-332-5300"},
    {"dealer_name": "Bobcat of Niles", "address": "2622 S 11th St", "city": "Niles", "state": "MI", "zip": "49120", "phone": "269-684-4300"},
    {"dealer_name": "Bobcat of Butler", "address": "12411 West Silver Spring Drive", "city": "Butler", "state": "WI", "zip": "53007", "phone": "262-790-0100"},
    {"dealer_name": "Bobcat of Waukesha", "address": "W231 N1129 Highway F", "city": "Waukesha", "state": "WI", "zip": "53186", "phone": "262-542-5330"},
    {"dealer_name": "Bobcat of Dixon", "address": "610 River Lane", "city": "Dixon", "state": "IL", "zip": "61021", "phone": "815-288-4700"},
    {"dealer_name": "Bobcat of Janesville", "address": "4000 Newville Road", "city": "Janesville", "state": "WI", "zip": "53545", "phone": "608-754-5400"},
    {"dealer_name": "Bobcat of Elkhart", "address": "28747 Old US 33", "city": "Elkhart", "state": "IN", "zip": "46516", "phone": "574-264-5000"}
  ]
}
