{
  "extraction_date": "2026-02-20",
  "status": "ALL_PRIORITIES_COMPLETE",
  "searches_completed": 64,
  "last_search": "Providence, RI",
  "branches": [
    {
      "branch_number": "9237",
      "branch_name": "9237 - Little Rock, AR",
      "address": "10800 Interstate 30",
      "city": "Little Rock",
      "state": "AR",
      "zip": "72209",
      "phone": "501-496-7411",
      "services": "General Rentals",
      "relevant_to_dozr": true,
      "source_search": "Little Rock, AR 72201"
    },
    {
      "branch_number": "4010",
      "branch_name": "4010 - Little Rock, AR",
      "address": "11618 Otter Creek South Road",
      "city": "Mabelvale",
      "state": "AR",
      "zip": "72103",
      "phone": "501-618-6012",
      "services": "General Rentals",
      "relevant_to_dozr": true,
      "source_search": "Little Rock, AR 72201"
    },
    {
      "branch_number": "4313",
      "branch_name": "4313 - Little Rock, AR - ProTruck",
      "address": "11618 Otter Creek South Road",
      "city": "Mabelvale",
      "state": "AR",
      "zip": "72103",
      "phone": "501-618-6012",
      "services": "ProTruck",
      "relevant_to_dozr": true,
      "source_search": "Little Rock, AR 72201"
    },
    {
      "branch_number": "9438",
      "branch_name": "9438 - Springdale, AR",
      "address": "4269 Wagon Wheel Road",
      "city": "Springdale",
      "state": "AR",
      "zip": "72762",
      "phone": "479-480-5524",
      "services": "General Rentals",
      "relevant_to_dozr": true,
      "source_search": "Fayetteville, AR 72701"
    },
    {
      "branch_number": "9538",
      "branch_name": "9538 - Springdale, AR - ProSolutions",
      "address": "4269 Wagon Wheel Road",
      "city": "Springdale",
      "state": "AR",
      "zip": "72762",
      "phone": "479-480-5524",
      "services": "ProSolutions",
      "relevant_to_dozr": true,
      "source_search": "Fayetteville, AR 72701"
    },
    {
      "branch_number": "4187",
      "branch_name": "4187 - Lowell, AR",
      "address": "425 N Bloomington Street",
      "city": "Lowell",
      "state": "AR",
      "zip": "72745",
      "phone": "479-770-5941",
      "services": "General Rentals",
      "relevant_to_dozr": true,
      "source_search": "Fayetteville, AR 72701"
    },
    {
      "branch_number": "4166",
      "branch_name": "4166 - Jonesboro, AR",
      "address": "2400 Dr MLK Jr Drive",
      "city": "Jonesboro",
      "state": "AR",
      "zip": "72401",
      "phone": "870-971-3922",
      "services": "General Rentals",
      "relevant_to_dozr": true,
      "source_search": "Jonesboro, AR 72401"
    },
    {
      "branch_number": "4012",
      "branch_name": "4012 - Jackson, MS",
      "address": "4200 I-55 South",
      "city": "Jackson",
      "state": "MS",
      "zip": "39212",
      "phone": "601-376-9468",
      "services": "General Rentals",
      "relevant_to_dozr": true,
      "source_search": "Jackson, MS 39201"
    },
    {
      "branch_number": "4311",
      "branch_name": "4311 - Jackson, MS - ProSolutions",
      "address": "320 Highway 49 South",
      "city": "Richland",
      "state": "MS",
      "zip": "39218",
      "phone": "601-203-1775",
      "services": "ProSolutions",
      "relevant_to_dozr": true,
      "source_search": "Jackson, MS 39201"
    },
    {
      "branch_number": "9213",
      "branch_name": "9213 - Tupelo, MS",
      "address": "1175 D.L. Collums Drive",
      "city": "Tupelo",
      "state": "MS",
      "zip": "38801",
      "phone": "662-586-9028",
      "services": "Carry Deck Crane, General Rentals",
      "relevant_to_dozr": true,
      "source_search": "Tupelo, MS 38801"
    },
    {
      "branch_number": "9539",
      "branch_name": "9539 - Albany, NY - PCT",
      "address": "3 Avis Drive",
      "city": "Latham",
      "state": "NY",
      "zip": "12110",
      "phone": "844-222-5134",
      "services": "ProContractor",
      "relevant_to_dozr": true,
      "source_search": "Burlington, VT 05401"
    },
    {
      "branch_number": "9452",
      "branch_name": "9452 - Bismarck, ND",
      "address": "3101 Morrison Ave",
      "city": "Bismarck",
      "state": "ND",
      "zip": "58504",
      "phone": "701-224-3500",
      "services": "General Rentals",
      "relevant_to_dozr": true,
      "source_search": "Rapid City, SD 57701"
    },
    {
      "branch_number": "9448",
      "branch_name": "9448 - Omaha, NE",
      "address": "5604 Center Street",
      "city": "Omaha",
      "state": "NE",
      "zip": "68106",
      "phone": "402-551-3447",
      "services": "General Rentals",
      "relevant_to_dozr": true,
      "source_search": "Sioux Falls, SD 57101"
    },
    {
      "branch_number": "9112",
      "branch_name": "9112 - Baltimore, MD",
      "address": "2111 Grays Road",
      "city": "Dundalk",
      "state": "MD",
      "zip": "21222",
      "phone": "410-633-7000",
      "services": "General Rentals",
      "relevant_to_dozr": true,
      "source_search": "Washington, DC 20001"
    },
    {
      "branch_number": "9169",
      "branch_name": "9169 - Washington DC",
      "address": "8400 Westphalia Rd",
      "city": "Upper Marlboro",
      "state": "MD",
      "zip": "20774",
      "phone": "301-736-8740",
      "services": "General Rentals, ProSolutions",
      "relevant_to_dozr": true,
      "source_search": "Washington, DC 20001"
    },
    {
      "branch_number": "9171",
      "branch_name": "9171 - Washington DC - Floor Care Solutions",
      "address": "8400 Westphalia Road",
      "city": "Upper Marlboro",
      "state": "MD",
      "zip": "20774",
      "phone": "301-200-1731",
      "services": "Floorcare",
      "relevant_to_dozr": false,
      "source_search": "Washington, DC 20001"
    },
    {
      "branch_number": "9963",
      "branch_name": "9963 - Baltimore, MD - Trench Solutions",
      "address": "730 Generals Highway",
      "city": "Millersville",
      "state": "MD",
      "zip": "21108",
      "phone": "667-283-3275",
      "services": "Trench Solutions",
      "relevant_to_dozr": true,
      "source_search": "Washington, DC 20001"
    },
    {
      "branch_number": "9974",
      "branch_name": "9974 - Gaithersburg, MD",
      "address": "8000 Queenair Drive",
      "city": "Gaithersburg",
      "state": "MD",
      "zip": "20879",
      "phone": "240-981-9948",
      "services": "General Rentals",
      "relevant_to_dozr": true,
      "source_search": "Washington, DC 20001"
    },
    {
      "branch_number": "9972",
      "branch_name": "9972 - Pasadena, MD",
      "address": "8004 Jumpers Hole Road",
      "city": "Pasadena",
      "state": "MD",
      "zip": "21122",
      "phone": "667-470-2406",
      "services": "General Rentals",
      "relevant_to_dozr": true,
      "source_search": "Washington, DC 20001"
    },
    {
      "branch_number": "4366",
      "branch_name": "4366 - Baltimore, MD - ProSolutions, Chiller",
      "address": "1200 Chesapeake Ave",
      "city": "Baltimore",
      "state": "MD",
      "zip": "21226",
      "phone": "877-750-0072",
      "services": "ProSolutions, Chiller",
      "relevant_to_dozr": true,
      "source_search": "Washington, DC 20001"
    },
    {
      "branch_number": "9258",
      "branch_name": "9258 - Manassas, VA - ProSolutions",
      "address": "8664 Virginia Meadows Drive",
      "city": "Manassas",
      "state": "VA",
      "zip": "20109",
      "phone": "571-532-0282",
      "services": "ProSolutions",
      "relevant_to_dozr": true,
      "source_search": "Washington, DC 20001"
    },
    {
      "branch_number": "9223",
      "branch_name": "9223 - Manassas, VA - ProSolutions CRC",
      "address": "8664 Virginia Meadows Drive",
      "city": "Manassas",
      "state": "VA",
      "zip": "20109",
      "phone": "571-532-0282",
      "services": "CRC",
      "relevant_to_dozr": true,
      "source_search": "Washington, DC 20001"
    },
    {
      "branch_number": "1114",
      "branch_name": "1114 - Warrenton",
      "address": "6571 Merchant Place",
      "city": "Warrenton",
      "state": "VA",
      "zip": "20187",
      "phone": "",
      "services": "General Rentals",
      "relevant_to_dozr": true,
      "source_search": "Washington, DC 20001"
    },
    {
      "branch_number": "4945",
      "branch_name": "4945 - Sterling, VA - Aerial",
      "address": "23745 Pebble Run Place",
      "city": "Sterling",
      "state": "VA",
      "zip": "20166",
      "phone": "571-899-6982",
      "services": "Aerial",
      "relevant_to_dozr": true,
      "source_search": "Washington, DC 20001"
    },
    {
      "branch_number": "9776",
      "branch_name": "9776 - Honolulu, HI - ProTruck",
      "address": "2804 Kilihau Street",
      "city": "Honolulu",
      "state": "HI",
      "zip": "96819",
      "phone": "808-808-9746",
      "services": "ProTruck",
      "relevant_to_dozr": true,
      "source_search": "Honolulu, HI 96801"
    },
    {
      "branch_number": "9780",
      "branch_name": "9780 - Honolulu, HI",
      "address": "650 Ahua St",
      "city": "Honolulu",
      "state": "HI",
      "zip": "96819",
      "phone": "808-808-2171",
      "services": "ProSolutions",
      "relevant_to_dozr": true,
      "source_search": "Honolulu, HI 96801"
    },
    {
      "branch_number": "9760",
      "branch_name": "9760 - Honolulu, HI",
      "address": "1176 Mikole Street",
      "city": "Honolulu",
      "state": "HI",
      "zip": "96819",
      "phone": "808-808-4185",
      "services": "General Rentals",
      "relevant_to_dozr": true,
      "source_search": "Honolulu, HI 96801"
    },
    {
      "branch_number": "9950",
      "branch_name": "9950 - Honolulu, HI",
      "address": "1019 Ulupono Street",
      "city": "Honolulu",
      "state": "HI",
      "zip": "96819",
      "phone": "",
      "services": "General Rentals",
      "relevant_to_dozr": true,
      "source_search": "Honolulu, HI 96801"
    },
    {
      "branch_number": "9777",
      "branch_name": "9777 - Kapolei, HI",
      "address": "91-209 Kalaeloa Blvd",
      "city": "Kapolei",
      "state": "HI",
      "zip": "96707",
      "phone": "808-682-8200",
      "services": "General Rentals",
      "relevant_to_dozr": true,
      "source_search": "Honolulu, HI 96801"
    },
    {
      "branch_number": "9126",
      "branch_name": "9126 - South Charleston, WV",
      "address": "2000 Winfield Road",
      "city": "St. Albans",
      "state": "WV",
      "zip": "25177",
      "phone": "304-744-7368",
      "services": "General Rentals",
      "relevant_to_dozr": true,
      "source_search": "Charleston, WV 25301"
    },
    {
      "branch_number": "9285",
      "branch_name": "9285 - South Charleston, WV - ProSolutions",
      "address": "2000 Winfield Road",
      "city": "St. Albans",
      "state": "WV",
      "zip": "25177",
      "phone": "304-744-7368",
      "services": "ProSolutions",
      "relevant_to_dozr": true,
      "source_search": "Charleston, WV 25301"
    },
    {
      "branch_number": "9601",
      "branch_name": "9601 - Cheyenne, WY",
      "address": "1408 Hinkley Road",
      "city": "Cheyenne",
      "state": "WY",
      "zip": "82007",
      "phone": "307-635-1255",
      "services": "General Rentals",
      "relevant_to_dozr": true,
      "source_search": "Cheyenne, WY 82001"
    },
    {
      "branch_number": "9180",
      "branch_name": "9180 - Portland, ME",
      "address": "148 Pleasant Hill Rd",
      "city": "Scarborough",
      "state": "ME",
      "zip": "04074",
      "phone": "207-885-0101",
      "services": "General Rentals",
      "relevant_to_dozr": true,
      "source_search": "Portland, ME 04101"
    },
    {
      "branch_number": "1291",
      "branch_name": "1291 - Billings, MT",
      "address": "100 Steffes Road",
      "city": "Billings",
      "state": "MT",
      "zip": "59101",
      "phone": "406-259-9720",
      "services": "General Rentals",
      "relevant_to_dozr": true,
      "source_search": "Billings, MT 59101"
    },
    {
      "branch_number": "4378",
      "branch_name": "4378 - Boise, ID - ProTruck",
      "address": "4175 S Eagleson Rd",
      "city": "Boise",
      "state": "ID",
      "zip": "83705",
      "phone": "855-821-4452",
      "services": "ProTruck",
      "relevant_to_dozr": true,
      "source_search": "Boise, ID 83701"
    },
    {
      "branch_number": "4379",
      "branch_name": "4379 - Boise, ID - ProSolutions",
      "address": "4175 S Eagleson Rd",
      "city": "Boise",
      "state": "ID",
      "zip": "83705",
      "phone": "855-821-4452",
      "services": "ProSolutions",
      "relevant_to_dozr": true,
      "source_search": "Boise, ID 83701"
    },
    {
      "branch_number": "4035",
      "branch_name": "4035 - Boise, ID",
      "address": "7489 Federal Way",
      "city": "Boise",
      "state": "ID",
      "zip": "83716",
      "phone": "208-986-6071",
      "services": "General Rentals",
      "relevant_to_dozr": true,
      "source_search": "Boise, ID 83701"
    },
    {
      "branch_number": "9460",
      "branch_name": "9460 - Oklahoma City, OK",
      "address": "5222 North Bryant Avenue",
      "city": "Oklahoma City",
      "state": "OK",
      "zip": "73121",
      "phone": "405-424-8822",
      "services": "Earthmoving, General Rentals, Ground Protection",
      "relevant_to_dozr": true,
      "source_search": "Oklahoma City, OK 73102"
    },
    {
      "branch_number": "9465",
      "branch_name": "9465 - Oklahoma City, OK - Floor Care Solutions",
      "address": "5222 North Bryant Ave",
      "city": "Oklahoma City",
      "state": "OK",
      "zip": "73121",
      "phone": "405-896-9236",
      "services": "Floorcare",
      "relevant_to_dozr": false,
      "source_search": "Oklahoma City, OK 73102"
    },
    {
      "branch_number": "9565",
      "branch_name": "9565 - Oklahoma City, OK - ProSolutions",
      "address": "3315 I-35 Frontage Road",
      "city": "Moore",
      "state": "OK",
      "zip": "73160",
      "phone": "405-367-2225",
      "services": "ProSolutions",
      "relevant_to_dozr": true,
      "source_search": "Oklahoma City, OK 73102"
    },
    {
      "branch_number": "9560",
      "branch_name": "9560 - Oklahoma City, OK - ProSolutions CRC",
      "address": "3315 I-35 Frontage Road",
      "city": "Moore",
      "state": "OK",
      "zip": "73160",
      "phone": "405-500-5715",
      "services": "CRC",
      "relevant_to_dozr": true,
      "source_search": "Oklahoma City, OK 73102"
    },
    {
      "branch_number": "9499",
      "branch_name": "9499 - Oklahoma City, OK - ProTruck",
      "address": "10700 NW 4th Street",
      "city": "Yukon",
      "state": "OK",
      "zip": "73099",
      "phone": "405-237-6461",
      "services": "ProTruck",
      "relevant_to_dozr": true,
      "source_search": "Oklahoma City, OK 73102"
    },
    {
      "branch_number": "4026",
      "branch_name": "4026 - Yukon, OK",
      "address": "10700 NW 4th Street",
      "city": "Yukon",
      "state": "OK",
      "zip": "73099",
      "phone": "405-981-3316",
      "services": "General Rentals",
      "relevant_to_dozr": true,
      "source_search": "Oklahoma City, OK 73102"
    },
    {
      "branch_number": "9502",
      "branch_name": "9502 - Shawnee, OK",
      "address": "14103 US-177",
      "city": "Shawnee",
      "state": "OK",
      "zip": "74804",
      "phone": "405-907-2375",
      "services": "General Rentals",
      "relevant_to_dozr": true,
      "source_search": "Oklahoma City, OK 73102"
    },
    {
      "branch_number": "4025",
      "branch_name": "4025 - Tulsa, OK",
      "address": "5644 West 55th Street",
      "city": "Tulsa",
      "state": "OK",
      "zip": "74107",
      "phone": "918-528-9037",
      "services": "General Rentals",
      "relevant_to_dozr": true,
      "source_search": "Tulsa, OK 74101"
    },
    {
      "branch_number": "9459",
      "branch_name": "9459 - Tulsa, OK",
      "address": "4445 South Mingo Road",
      "city": "Tulsa",
      "state": "OK",
      "zip": "74146",
      "phone": "918-884-6920",
      "services": "General Rentals",
      "relevant_to_dozr": true,
      "source_search": "Tulsa, OK 74101"
    },
    {
      "branch_number": "9330",
      "branch_name": "9330 - Columbia, SC",
      "address": "131 Cort Road",
      "city": "Columbia",
      "state": "SC",
      "zip": "29203",
      "phone": "803-786-2900",
      "services": "General Rentals",
      "relevant_to_dozr": true,
      "source_search": "Columbia, SC 29201"
    },
    {
      "branch_number": "9877",
      "branch_name": "9877 - Charleston, SC - ProTruck",
      "address": "125 Cort Road",
      "city": "Columbia",
      "state": "SC",
      "zip": "29203",
      "phone": "843-970-0046",
      "services": "ProTruck",
      "relevant_to_dozr": true,
      "source_search": "Columbia, SC 29201"
    },
    {
      "branch_number": "9331",
      "branch_name": "9331 - Charleston, SC",
      "address": "6445 Fain Road",
      "city": "N. Charleston",
      "state": "SC",
      "zip": "29406",
      "phone": "843-823-6967",
      "services": "General Rentals, Material Handling",
      "relevant_to_dozr": true,
      "source_search": "Charleston, SC 29401"
    },
    {
      "branch_number": "9353",
      "branch_name": "9353 - Charleston, SC - ProSolutions CRC",
      "address": "2811 Carner Ave",
      "city": "North Charleston",
      "state": "SC",
      "zip": "29405",
      "phone": "854-888-9816",
      "services": "CRC",
      "relevant_to_dozr": true,
      "source_search": "Charleston, SC 29401"
    },
    {
      "branch_number": "9357",
      "branch_name": "9357 - Charleston, SC - ProSolutions",
      "address": "2811 Carner Ave",
      "city": "North Charleston",
      "state": "SC",
      "zip": "29405",
      "phone": "843-798-4020",
      "services": "ProSolutions",
      "relevant_to_dozr": true,
      "source_search": "Charleston, SC 29401"
    },
    {
      "branch_number": "9537",
      "branch_name": "9537 - Charleston, SC - Pump Power & Climate",
      "address": "2811 Carner Ave",
      "city": "North Charleston",
      "state": "SC",
      "zip": "29405",
      "phone": "854-888-9816",
      "services": "Pump Power & Climate",
      "relevant_to_dozr": true,
      "source_search": "Charleston, SC 29401"
    },
    {
      "branch_number": "9334",
      "branch_name": "9334 - Charleston, SC - Floor Care Solutions",
      "address": "6445 Fain Road",
      "city": "N. Charleston",
      "state": "SC",
      "zip": "29406",
      "phone": "843-823-6967",
      "services": "Floorcare",
      "relevant_to_dozr": false,
      "source_search": "Charleston, SC 29401"
    },
    {
      "branch_number": "9534",
      "branch_name": "9534 - North Charleston, SC",
      "address": "6445 Fain Road",
      "city": "N. Charleston",
      "state": "SC",
      "zip": "29406",
      "phone": "843-823-6967",
      "services": "General Rentals",
      "relevant_to_dozr": true,
      "source_search": "Charleston, SC 29401"
    },
    {
      "branch_number": "4068",
      "branch_name": "4068 - Summerville, SC",
      "address": "1115 Newton Way",
      "city": "Summerville",
      "state": "SC",
      "zip": "29483",
      "phone": "843-970-0046",
      "services": "General Rentals",
      "relevant_to_dozr": true,
      "source_search": "Charleston, SC 29401"
    },
    {
      "branch_number": "9141",
      "branch_name": "9141 - Milwaukee, WI",
      "address": "950 West Rawson Avenue",
      "city": "Oak Creek",
      "state": "WI",
      "zip": "53154",
      "phone": "414-485-2260",
      "services": "General Rentals",
      "relevant_to_dozr": true,
      "source_search": "Milwaukee, WI 53202"
    },
    {
      "branch_number": "9941",
      "branch_name": "9941 - Sussex, WI",
      "address": "W230N6080 Hi Tech Drive",
      "city": "Sussex",
      "state": "WI",
      "zip": "53089",
      "phone": "262-246-2155",
      "services": "General Rentals",
      "relevant_to_dozr": true,
      "source_search": "Milwaukee, WI 53202"
    },
    {
      "branch_number": "9943",
      "branch_name": "9943 - Janesville, WI",
      "address": "461 Conde Street",
      "city": "Janesville",
      "state": "WI",
      "zip": "53546",
      "phone": "608-506-0986",
      "services": "General Rentals",
      "relevant_to_dozr": true,
      "source_search": "Madison, WI 53703"
    },
    {
      "branch_number": "9267",
      "branch_name": "9267 - Bloomfield, CT",
      "address": "9 Belden Road",
      "city": "Bloomfield",
      "state": "CT",
      "zip": "06002",
      "phone": "959-230-0588",
      "services": "General Rentals",
      "relevant_to_dozr": true,
      "source_search": "Hartford, CT 06103"
    },
    {
      "branch_number": "9666",
      "branch_name": "9666 - Hartford, CT - ProTruck",
      "address": "9 Belden Road",
      "city": "Bloomfield",
      "state": "CT",
      "zip": "06002",
      "phone": "959-230-0588",
      "services": "ProTruck",
      "relevant_to_dozr": true,
      "source_search": "Hartford, CT 06103"
    },
    {
      "branch_number": "9172",
      "branch_name": "9172 - North Haven, CT",
      "address": "440 Sackett Point Road",
      "city": "North Haven",
      "state": "CT",
      "zip": "06473",
      "phone": "203-309-1568",
      "services": "General Rentals, Lighting",
      "relevant_to_dozr": true,
      "source_search": "New Haven, CT 06511"
    },
    {
      "branch_number": "9203",
      "branch_name": "9203 - North Haven, CT - ProSolutions CRC",
      "address": "440 Sackett Point Road",
      "city": "North Haven",
      "state": "CT",
      "zip": "06473",
      "phone": "615-647-5688",
      "services": "CRC",
      "relevant_to_dozr": true,
      "source_search": "New Haven, CT 06511"
    },
    {
      "branch_number": "9524",
      "branch_name": "9524 - Wichita, KS",
      "address": "9331 West Kellogg Drive",
      "city": "Wichita",
      "state": "KS",
      "zip": "67209",
      "phone": "316-895-6165",
      "services": "General Rentals",
      "relevant_to_dozr": true,
      "source_search": "Wichita, KS"
    },
    {
      "branch_number": "9521",
      "branch_name": "9521 - El Dorado, KS",
      "address": "2005 SW Haverhill Road",
      "city": "El Dorado",
      "state": "KS",
      "zip": "67042",
      "phone": "580-367-3409",
      "services": "General Rentals",
      "relevant_to_dozr": true,
      "source_search": "Wichita, KS"
    },
    {
      "branch_number": "9422",
      "branch_name": "9422 - Kansas City, MO",
      "address": "707 East 16th Street",
      "city": "Kansas City",
      "state": "MO",
      "zip": "64108",
      "phone": "816-476-4915",
      "services": "Carry Deck Crane, General Rentals, Lighting, Material Handling",
      "relevant_to_dozr": true,
      "source_search": "Kansas City, KS 66101"
    },
    {
      "branch_number": "9471",
      "branch_name": "9471 - North Kansas City, MO",
      "address": "4100 N Kimball Drive",
      "city": "Kansas City",
      "state": "MO",
      "zip": "64161",
      "phone": "816-710-5780",
      "services": "Earthmoving, General Rentals, Storage Container",
      "relevant_to_dozr": true,
      "source_search": "Kansas City, KS 66101"
    },
    {
      "branch_number": "9424",
      "branch_name": "9424 - Kansas City, MO - ProSolutions",
      "address": "1460 SE Hamblen Road",
      "city": "Lees Summit",
      "state": "MO",
      "zip": "64081",
      "phone": "816-710-3172",
      "services": "ProSolutions",
      "relevant_to_dozr": true,
      "source_search": "Kansas City, KS 66101"
    },
    {
      "branch_number": "4186",
      "branch_name": "4186 - South Kansas City, MO",
      "address": "1100 SE Hamblen Road",
      "city": "Lees Summit",
      "state": "MO",
      "zip": "64081",
      "phone": "816-370-8994",
      "services": "General Rentals",
      "relevant_to_dozr": true,
      "source_search": "Kansas City, KS 66101"
    },
    {
      "branch_number": "4370",
      "branch_name": "4370 - Des Moines, IA",
      "address": "4989 NW Johnston Dr",
      "city": "Johnston",
      "state": "IA",
      "zip": "50131",
      "phone": "844-306-7351",
      "services": "General Rentals",
      "relevant_to_dozr": true,
      "source_search": "Des Moines, IA"
    },
    {
      "branch_number": "9583",
      "branch_name": "9583 - Cedar Rapids, IA - ProSolutions",
      "address": "1925 Blairs Ferry Road NE",
      "city": "Cedar Rapids",
      "state": "IA",
      "zip": "52402",
      "phone": "405-387-2442",
      "services": "ProSolutions",
      "relevant_to_dozr": true,
      "source_search": "Cedar Rapids, IA"
    },
    {
      "branch_number": "4154",
      "branch_name": "4154 - Cedar Rapids",
      "address": "1925 Blairs Ferry Road NE",
      "city": "Cedar Rapids",
      "state": "IA",
      "zip": "52402",
      "phone": "319-432-7100",
      "services": "General Rentals",
      "relevant_to_dozr": true,
      "source_search": "Cedar Rapids, IA"
    },
    {
      "branch_number": "9186",
      "branch_name": "9186 - Londonderry, NH",
      "address": "3 Symmes Drive",
      "city": "Londonderry",
      "state": "NH",
      "zip": "03053",
      "phone": "603-668-0129",
      "services": "General Rentals",
      "relevant_to_dozr": true,
      "source_search": "Manchester, NH"
    },
    {
      "branch_number": "9222",
      "branch_name": "9222 - Londonderry, NH - ProSolutions CRC",
      "address": "3 Symmes Drive",
      "city": "Londonderry",
      "state": "NH",
      "zip": "03053",
      "phone": "603-668-0129",
      "services": "CRC",
      "relevant_to_dozr": true,
      "source_search": "Manchester, NH"
    },
    {
      "branch_number": "9187",
      "branch_name": "9187 - Dover, NH",
      "address": "349 Mast Road",
      "city": "Dover",
      "state": "NH",
      "zip": "03820",
      "phone": "603-316-2676",
      "services": "General Rentals",
      "relevant_to_dozr": true,
      "source_search": "Manchester, NH"
    },
    {
      "branch_number": "4042",
      "branch_name": "4042 - Albuquerque",
      "address": "3801 Prince Street SE",
      "city": "Albuquerque",
      "state": "NM",
      "zip": "87105",
      "phone": "505-990-7368",
      "services": "General Rentals",
      "relevant_to_dozr": true,
      "source_search": "Albuquerque, NM"
    },
    {
      "branch_number": "9604",
      "branch_name": "9604 - Albuquerque, NM",
      "address": "3601 Osuna Road NE",
      "city": "Albuquerque",
      "state": "NM",
      "zip": "87109",
      "phone": "505-499-5739",
      "services": "General Rentals",
      "relevant_to_dozr": true,
      "source_search": "Albuquerque, NM"
    },
    {
      "branch_number": "9556",
      "branch_name": "9556 - Carlsbad, NM",
      "address": "4620 National Parks Hwy",
      "city": "Carlsbad",
      "state": "NM",
      "zip": "88220",
      "phone": "575-725-5925",
      "services": "General Rentals",
      "relevant_to_dozr": true,
      "source_search": "Las Cruces, NM"
    },
    {
      "branch_number": "4126",
      "branch_name": "4126 - New Castle, DE",
      "address": "9 Bellecor Drive",
      "city": "New Castle",
      "state": "DE",
      "zip": "19720",
      "phone": "302-618-5839",
      "services": "General Rentals",
      "relevant_to_dozr": true,
      "source_search": "Wilmington, DE"
    },
    {
      "branch_number": "9956",
      "branch_name": "9956 - New Castle, DE",
      "address": "325 Quigley Blvd",
      "city": "New Castle",
      "state": "DE",
      "zip": "19720",
      "phone": "302-618-5946",
      "services": "General Rentals",
      "relevant_to_dozr": true,
      "source_search": "Wilmington, DE"
    },
    {
      "branch_number": "4368",
      "branch_name": "4368 - New Castle, DE - ProResources",
      "address": "325 Quigley Blvd",
      "city": "New Castle",
      "state": "DE",
      "zip": "19720",
      "phone": "877-750-0072",
      "services": "ProResources",
      "relevant_to_dozr": true,
      "source_search": "Wilmington, DE"
    }
  ],
  "states_searched": {
    "with_coverage": ["AR", "MS", "ND", "NE", "NY", "MD", "VA", "HI", "WV", "WY", "ME", "MT", "ID", "OK", "SC", "WI", "CT", "KS", "MO", "IA", "NH", "NM", "DE"],
    "no_coverage": ["VT", "SD", "AK", "RI"]
  },
  "priority1_summary": {
    "arkansas": {"branches": 7, "status": "complete"},
    "mississippi": {"branches": 3, "status": "complete"},
    "hawaii": {"branches": 5, "status": "complete"},
    "north_dakota": {"branches": 1, "status": "complete"},
    "west_virginia": {"branches": 2, "status": "complete"},
    "wyoming": {"branches": 1, "status": "complete"},
    "maine": {"branches": 1, "status": "complete"},
    "alaska": {"branches": 0, "status": "no coverage"},
    "montana": {"branches": 1, "status": "complete"},
    "idaho": {"branches": 3, "status": "complete"},
    "vermont": {"branches": 0, "status": "no coverage - served by NY"},
    "south_dakota": {"branches": 0, "status": "no coverage - served by NE/ND"},
    "rhode_island": {"branches": 0, "status": "no coverage - served by MA"},
    "dc": {"branches": 0, "status": "no DC branches - served by MD/VA"}
  },
  "summary": {
    "arkansas_branches": 7,
    "mississippi_branches": 3,
    "hawaii_branches": 5,
    "north_dakota_branches": 1,
    "nebraska_branches": 1,
    "new_york_branches": 1,
    "maryland_branches": 7,
    "virginia_branches": 4,
    "west_virginia_branches": 2,
    "wyoming_branches": 1,
    "maine_branches": 1,
    "montana_branches": 1,
    "idaho_branches": 3,
    "oklahoma_branches": 9,
    "south_carolina_branches": 10,
    "wisconsin_branches": 3,
    "connecticut_branches": 4,
    "kansas_branches": 2,
    "missouri_kc_branches": 4,
    "iowa_branches": 3,
    "new_hampshire_branches": 3,
    "new_mexico_branches": 3,
    "delaware_branches": 3,
    "total_unique": 82
  },
  "priority2_progress": {
    "oklahoma": {"branches": 9, "status": "complete"},
    "south_carolina": {"branches": 10, "status": "complete"},
    "wisconsin": {"branches": 3, "status": "complete"},
    "connecticut": {"branches": 4, "status": "complete"},
    "kansas": {"branches": 2, "status": "complete"},
    "missouri_kc": {"branches": 4, "status": "complete", "note": "Serves Kansas City KS"},
    "iowa": {"branches": 3, "status": "complete"},
    "new_hampshire": {"branches": 3, "status": "complete"},
    "delaware": {"branches": 3, "status": "complete", "note": "All in New Castle, DE"},
    "nebraska": {"branches": 1, "status": "complete", "note": "Lincoln has no branch - served by Omaha (9448)"},
    "new_mexico": {"branches": 3, "status": "complete", "note": "Albuquerque (2), Carlsbad (1); Las Cruces served by El Paso TX"}
  }
}
