{
  "equipmentshare_addr": [
    {
      "row": 41,
      "branch_name": "Palm Springs -North Palm Springs #128118",
      "city": "North Palm Springs",
      "state": "CA",
      "phone": "(442) 212-1621"
    },
    {
      "row": 45,
      "branch_name": "Sacramento -Sacramento #15964",
      "city": "Sacramento",
      "state": "CA",
      "phone": "(916) 333-7833"
    },
    {
      "row": 63,
      "branch_name": "Bradenton -Bradenton #99181",
      "city": "Bradenton",
      "state": "FL",
      "phone": "(727) 291-4800"
    },
    {
      "row": 75,
      "branch_name": "Palmetto -Palmetto #112689",
      "city": "Palmetto",
      "state": "FL",
      "phone": "(863) 808-1410"
    },
    {
      "row": 103,
      "branch_name": "Omaha -Council Bluffs #40685",
      "city": "Council Bluffs",
      "state": "IA",
      "phone": "(402) 619-1653"
    },
    {
      "row": 104,
      "branch_name": "Davenport -DeWitt #146081",
      "city": "DeWitt",
      "state": "IA",
      "phone": "(563) 221-6040"
    },
    {
      "row": 132,
      "branch_name": "Grand Rapids -Kentwood #105742",
      "city": "Kentwood",
      "state": "MI",
      "phone": "(616) 699-6390"
    },
    {
      "row": 275,
      "branch_name": "Seattle -Marysville #125566",
      "city": "Marysville",
      "state": "WA",
      "phone": "(360) 925-8111"
    },
    {
      "row": 278,
      "branch_name": "Seattle -Seattle #15963",
      "city": "Seattle",
      "state": "WA",
      "phone": "(206) 962-2828"
    },
    {
      "row": 281,
      "branch_name": "Tacoma -Tacoma #90850",
      "city": "Tacoma",
      "state": "WA",
      "phone": "(253) 999-0680"
    }
  ],
  "sunbelt_addr": [
    {
      "row": 152,
      "branch_name": "Sunbelt Rentals Hastings NE",
      "city": "Hastings",
      "state": "NE"
    },
    {
      "row": 154,
      "branch_name": "Sunbelt Rentals Fairmont WV",
      "city": "Fairmont",
      "state": "WV"
    }
  ],
  "herc_addr": [
    {
      "row": 6,
      "branch_id": "0011K00002L3drrQAB",
      "branch_name": "Herc Rentals (9328) - Winterville NC",
      "city": null,
      "state": null
    }
  ],
  "sunbelt_phone": [
    {
      "row": 3,
      "branch_name": "Sunbelt Rentals Houston - Hempstead",
      "address": "12416 Hempstead Rd",
      "city": "Houston",
      "state": "TX"
    },
    {
      "row": 4,
      "branch_name": "Sunbelt Rentals Houston - Lamar",
      "address": "3805 Lamar St",
      "city": "Houston",
      "state": "TX"
    },
    {
      "row": 5,
      "branch_name": "Sunbelt Rentals Houston - Kopman",
      "address": "8350 Kopman Dr",
      "city": "Houston",
      "state": "TX"
    },
    {
      "row": 7,
      "branch_name": "Sunbelt Rentals Dallas - Hampton",
      "address": "9210 S Hampton Rd",
      "city": "Dallas",
      "state": "TX"
    },
    {
      "row": 11,
      "branch_name": "Sunbelt Rentals San Antonio - Austin Hwy",
      "address": "1802 Austin Hwy",
      "city": "San Antonio",
      "state": "TX"
    },
    {
      "row": 16,
      "branch_name": "Sunbelt Rentals San Diego",
      "address": "3860 Sherman St",
      "city": "San Diego",
      "state": "CA"
    },
    {
      "row": 19,
      "branch_name": "Sunbelt Rentals San Francisco",
      "address": "2065 Oakdale Ave",
      "city": "San Francisco",
      "state": "CA"
    },
    {
      "row": 22,
      "branch_name": "Sunbelt Rentals Tampa - US 301",
      "address": "7520 US Highway 301 N",
      "city": "Tampa",
      "state": "FL"
    },
    {
      "row": 25,
      "branch_name": "Sunbelt Rentals Jacksonville - Phillips Hwy",
      "address": "5415 Phillips Hwy",
      "city": "Jacksonville",
      "state": "FL"
    },
    {
      "row": 27,
      "branch_name": "Sunbelt Rentals Jacksonville - Blasius",
      "address": "11004 Blasius Rd",
      "city": "Jacksonville",
      "state": "FL"
    },
    {
      "row": 28,
      "branch_name": "Sunbelt Rentals Jacksonville - Zoo Pkwy",
      "address": "301 Zoo Pkwy",
      "city": "Jacksonville",
      "state": "FL"
    },
    {
      "row": 30,
      "branch_name": "Sunbelt Rentals Atlanta - Ralph McGill",
      "address": "723 Ralph McGill Blvd NE",
      "city": "Atlanta",
      "state": "GA"
    },
    {
      "row": 31,
      "branch_name": "Sunbelt Rentals Hiram",
      "address": "6228 Wendy Bagwell Pkwy",
      "city": "Hiram",
      "state": "GA"
    },
    {
      "row": 32,
      "branch_name": "Sunbelt Rentals Snellville",
      "address": "1615 Scenic Hwy N, Suite 100",
      "city": "Snellville",
      "state": "GA"
    },
    {
      "row": 35,
      "branch_name": "Sunbelt Rentals Charlotte - Statesville",
      "address": "7205 Statesville Rd",
      "city": "Charlotte",
      "state": "NC"
    },
    {
      "row": 36,
      "branch_name": "Sunbelt Rentals Raleigh - Chapel Hill Rd",
      "address": "5701 Chapel Hill Rd",
      "city": "Raleigh",
      "state": "NC"
    },
    {
      "row": 37,
      "branch_name": "Sunbelt Rentals Raleigh - Capital Blvd",
      "address": "3116 Capital Blvd",
      "city": "Raleigh",
      "state": "NC"
    },
    {
      "row": 39,
      "branch_name": "Sunbelt Rentals Greensboro",
      "address": "102 N Swing Road",
      "city": "Greensboro",
      "state": "NC"
    },
    {
      "row": 40,
      "branch_name": "Sunbelt Rentals Pineville",
      "address": "11210 Downs Rd",
      "city": "Pineville",
      "state": "NC"
    },
    {
      "row": 41,
      "branch_name": "Sunbelt Rentals Huntersville",
      "address": "16824 Statesville Rd",
      "city": "Huntersville",
      "state": "NC"
    },
    {
      "row": 42,
      "branch_name": "Sunbelt Rentals Indian Trail",
      "address": "1009 Technology Dr",
      "city": "Indian Trail",
      "state": "NC"
    },
    {
      "row": 43,
      "branch_name": "Sunbelt Rentals Winterville",
      "address": "531 W Fire Tower Rd",
      "city": "Winterville",
      "state": "NC"
    },
    {
      "row": 47,
      "branch_name": "Sunbelt Rentals Columbus - Morse Crossing",
      "address": "4149 Morse Crossing",
      "city": "Columbus",
      "state": "OH"
    },
    {
      "row": 49,
      "branch_name": "Sunbelt Rentals Cincinnati - Spring Grove",
      "address": "4631 Spring Grove Ave",
      "city": "Cincinnati",
      "state": "OH"
    },
    {
      "row": 50,
      "branch_name": "Sunbelt Rentals Peninsula",
      "address": "5162 Akron Cleveland Rd",
      "city": "Peninsula",
      "state": "OH"
    },
    {
      "row": 51,
      "branch_name": "Sunbelt Rentals Springfield",
      "address": "1609 N Bechtle Ave",
      "city": "Springfield",
      "state": "OH"
    },
    {
      "row": 53,
      "branch_name": "Sunbelt Rentals Pittsburgh - Rochester",
      "address": "639 Rochester Rd",
      "city": "Pittsburgh",
      "state": "PA"
    },
    {
      "row": 56,
      "branch_name": "Sunbelt Rentals Phoenix - 15th St",
      "address": "2401 N 15th St",
      "city": "Phoenix",
      "state": "AZ"
    },
    {
      "row": 57,
      "branch_name": "Sunbelt Rentals Phoenix - Melinda Ln",
      "address": "2202 W Melinda Ln",
      "city": "Phoenix",
      "state": "AZ"
    },
    {
      "row": 60,
      "branch_name": "Sunbelt Rentals Tempe",
      "address": "2066 E University Dr",
      "city": "Tempe",
      "state": "AZ"
    },
    {
      "row": 61,
      "branch_name": "Sunbelt Rentals Gilbert",
      "address": "1313 E Baseline Rd",
      "city": "Gilbert",
      "state": "AZ"
    },
    {
      "row": 62,
      "branch_name": "Sunbelt Rentals Centennial",
      "address": "6790 S Dawson Cir",
      "city": "Centennial",
      "state": "CO"
    },
    {
      "row": 65,
      "branch_name": "Sunbelt Rentals Colorado Springs",
      "address": "5525 E. Platte Ave",
      "city": "Colorado Springs",
      "state": "CO"
    },
    {
      "row": 66,
      "branch_name": "Sunbelt Rentals Broomfield",
      "address": "12055 Perry St",
      "city": "Broomfield",
      "state": "CO"
    },
    {
      "row": 67,
      "branch_name": "Sunbelt Rentals Seattle",
      "address": "9230 4th Ave S",
      "city": "Seattle",
      "state": "WA"
    },
    {
      "row": 68,
      "branch_name": "Sunbelt Rentals Lynnwood",
      "address": "2224 196th St SW",
      "city": "Lynnwood",
      "state": "WA"
    },
    {
      "row": 69,
      "branch_name": "Sunbelt Rentals Woodinville",
      "address": "19265 Woodinville Snohomish Rd NE",
      "city": "Woodinville",
      "state": "WA"
    },
    {
      "row": 70,
      "branch_name": "Sunbelt Rentals Redmond",
      "address": "17950 Redmond Way",
      "city": "Redmond",
      "state": "WA"
    },
    {
      "row": 72,
      "branch_name": "Sunbelt Rentals Richmond - Burge Ave",
      "address": "9400 Burge Ave",
      "city": "Richmond",
      "state": "VA"
    },
    {
      "row": 75,
      "branch_name": "Sunbelt Rentals Chesapeake - Bainbridge",
      "address": "4419 Bainbridge Blvd",
      "city": "Chesapeake",
      "state": "VA"
    },
    {
      "row": 79,
      "branch_name": "Sunbelt Rentals Countryside",
      "address": "6260 Joliet Rd",
      "city": "Countryside",
      "state": "IL"
    },
    {
      "row": 80,
      "branch_name": "Sunbelt Rentals Champaign",
      "address": "1401 N Mattis Ave",
      "city": "Champaign",
      "state": "IL"
    },
    {
      "row": 81,
      "branch_name": "Sunbelt Rentals Joliet",
      "address": "2211 Oak Leaf St",
      "city": "Joliet",
      "state": "IL"
    },
    {
      "row": 82,
      "branch_name": "Sunbelt Rentals Moline",
      "address": "2221 5th Ave",
      "city": "Moline",
      "state": "IL"
    },
    {
      "row": 83,
      "branch_name": "Sunbelt Rentals Mount Prospect",
      "address": "1907 S Busse Rd",
      "city": "Mount Prospect",
      "state": "IL"
    },
    {
      "row": 84,
      "branch_name": "Sunbelt Rentals Aurora",
      "address": "2605 Beverly Dr",
      "city": "Aurora",
      "state": "IL"
    },
    {
      "row": 85,
      "branch_name": "Sunbelt Rentals Bloomington IL",
      "address": "1302 Martin Luther King Dr",
      "city": "Bloomington",
      "state": "IL"
    },
    {
      "row": 86,
      "branch_name": "Sunbelt Rentals East Peoria",
      "address": "1601 N Main St",
      "city": "East Peoria",
      "state": "IL"
    },
    {
      "row": 93,
      "branch_name": "Sunbelt Rentals Nashville - 44th Ave",
      "address": "920 44th Ave N",
      "city": "Nashville",
      "state": "TN"
    },
    {
      "row": 95,
      "branch_name": "Sunbelt Rentals Madison TN",
      "address": "1201 Northgate Business Pkwy",
      "city": "Madison",
      "state": "TN"
    },
    {
      "row": 96,
      "branch_name": "Sunbelt Rentals Indianapolis - Beachway",
      "address": "975 Beachway Dr",
      "city": "Indianapolis",
      "state": "IN"
    },
    {
      "row": 98,
      "branch_name": "Sunbelt Rentals Indianapolis - 25th St",
      "address": "8801A E 25th St",
      "city": "Indianapolis",
      "state": "IN"
    },
    {
      "row": 99,
      "branch_name": "Sunbelt Rentals Bloomington IN",
      "address": "5092 S Production Dr",
      "city": "Bloomington",
      "state": "IN"
    },
    {
      "row": 100,
      "branch_name": "Sunbelt Rentals Columbus IN",
      "address": "3069 N National Rd",
      "city": "Columbus",
      "state": "IN"
    },
    {
      "row": 101,
      "branch_name": "Sunbelt Rentals Noblesville",
      "address": "18000 Cumberland Rd",
      "city": "Noblesville",
      "state": "IN"
    },
    {
      "row": 102,
      "branch_name": "Sunbelt Rentals Evansville",
      "address": "1015 E Columbia St",
      "city": "Evansville",
      "state": "IN"
    },
    {
      "row": 104,
      "branch_name": "Sunbelt Rentals Baltimore - Harford",
      "address": "8510 Old Harford Rd",
      "city": "Baltimore",
      "state": "MD"
    },
    {
      "row": 107,
      "branch_name": "Sunbelt Rentals Shrewsbury",
      "address": "800 Hartford Tpke",
      "city": "Shrewsbury",
      "state": "MA"
    },
    {
      "row": 109,
      "branch_name": "Sunbelt Rentals Hyde Park",
      "address": "1660 Hyde Park Ave",
      "city": "Hyde Park",
      "state": "MA"
    },
    {
      "row": 112,
      "branch_name": "Sunbelt Rentals North Kansas City",
      "address": "1040 Burlington Street",
      "city": "North Kansas City",
      "state": "MO"
    },
    {
      "row": 113,
      "branch_name": "Sunbelt Rentals Tuscaloosa",
      "address": "5100 Old Greensboro Rd",
      "city": "Tuscaloosa",
      "state": "AL"
    },
    {
      "row": 115,
      "branch_name": "Sunbelt Rentals Birmingham",
      "address": "2613 2nd Ave S",
      "city": "Birmingham",
      "state": "AL"
    },
    {
      "row": 116,
      "branch_name": "Sunbelt Rentals Birmingham - Edwards Lake",
      "address": "1887 Edwards Lake Rd",
      "city": "Birmingham",
      "state": "AL"
    },
    {
      "row": 117,
      "branch_name": "Sunbelt Rentals Montgomery",
      "address": "4223 Troy Hwy",
      "city": "Montgomery",
      "state": "AL"
    },
    {
      "row": 118,
      "branch_name": "Sunbelt Rentals Pelham",
      "address": "160 Commerce Dr",
      "city": "Pelham",
      "state": "AL"
    },
    {
      "row": 122,
      "branch_name": "Sunbelt Rentals North Charleston - King St",
      "address": "1647 King Street Extension",
      "city": "North Charleston",
      "state": "SC"
    },
    {
      "row": 123,
      "branch_name": "Sunbelt Rentals North Charleston - Ashley Phosphate",
      "address": "3430 Ashley Phosphate Rd",
      "city": "North Charleston",
      "state": "SC"
    },
    {
      "row": 124,
      "branch_name": "Sunbelt Rentals Carlstadt",
      "address": "125 Commercial Ave",
      "city": "Carlstadt",
      "state": "NJ"
    },
    {
      "row": 125,
      "branch_name": "Sunbelt Rentals Perth Amboy",
      "address": "600 Route 440 Connection",
      "city": "Perth Amboy",
      "state": "NJ"
    },
    {
      "row": 128,
      "branch_name": "Sunbelt Rentals Hicksville NY",
      "address": "40 Charlotte Ave",
      "city": "Hicksville",
      "state": "NY"
    },
    {
      "row": 129,
      "branch_name": "Sunbelt Rentals Spring Valley",
      "address": "77 Route 59 E",
      "city": "Spring Valley",
      "state": "NY"
    },
    {
      "row": 130,
      "branch_name": "Sunbelt Rentals Rochester NY",
      "address": "788 W Ridge Rd",
      "city": "Rochester",
      "state": "NY"
    },
    {
      "row": 133,
      "branch_name": "Sunbelt Rentals Salt Lake City - 2100 S",
      "address": "1555 W 2100 S",
      "city": "Salt Lake City",
      "state": "UT"
    },
    {
      "row": 134,
      "branch_name": "Sunbelt Rentals Farr West",
      "address": "1548 N 2000 W",
      "city": "Farr West",
      "state": "UT"
    },
    {
      "row": 137,
      "branch_name": "Sunbelt Rentals Alamogordo",
      "address": "1317 E 1st St",
      "city": "Alamogordo",
      "state": "NM"
    },
    {
      "row": 138,
      "branch_name": "Sunbelt Rentals Albuquerque",
      "address": "1924 2nd St NW",
      "city": "Albuquerque",
      "state": "NM"
    },
    {
      "row": 139,
      "branch_name": "Sunbelt Rentals Portland - Killingsworth",
      "address": "7610 NE Killingsworth St",
      "city": "Portland",
      "state": "OR"
    },
    {
      "row": 140,
      "branch_name": "Sunbelt Rentals Shepherdsville",
      "address": "550 Sparrow Dr",
      "city": "Shepherdsville",
      "state": "KY"
    },
    {
      "row": 141,
      "branch_name": "Sunbelt Rentals Bowling Green KY",
      "address": "3302 Industrial Dr",
      "city": "Bowling Green",
      "state": "KY"
    },
    {
      "row": 142,
      "branch_name": "Sunbelt Rentals Louisville - Bashford",
      "address": "3505 Bashford Ave",
      "city": "Louisville",
      "state": "KY"
    },
    {
      "row": 143,
      "branch_name": "Sunbelt Rentals Louisville - Plantside",
      "address": "2225 Plantside Dr",
      "city": "Louisville",
      "state": "KY"
    },
    {
      "row": 144,
      "branch_name": "Sunbelt Rentals Lexington",
      "address": "1160 E New Circle Rd",
      "city": "Lexington",
      "state": "KY"
    },
    {
      "row": 145,
      "branch_name": "Sunbelt Rentals Ashland KY",
      "address": "12501 Paul Coffey Blvd",
      "city": "Ashland",
      "state": "KY"
    },
    {
      "row": 147,
      "branch_name": "Sunbelt Rentals Yukon",
      "address": "11201 NW 10th St",
      "city": "Yukon",
      "state": "OK"
    },
    {
      "row": 151,
      "branch_name": "Sunbelt Rentals Lincoln NE",
      "address": "5450 Alvo Rd",
      "city": "Lincoln",
      "state": "NE"
    },
    {
      "row": 152,
      "branch_name": "Sunbelt Rentals Hastings NE",
      "address": null,
      "city": "Hastings",
      "state": "NE"
    },
    {
      "row": 157,
      "branch_name": "Sunbelt Rentals Manchester NH",
      "address": "660 Gold Street",
      "city": "Manchester",
      "state": "NH"
    },
    {
      "row": 158,
      "branch_name": "Sunbelt Rentals Bangor ME",
      "address": "1216 Hammond St",
      "city": "Bangor",
      "state": "ME"
    },
    {
      "row": 159,
      "branch_name": "Sunbelt Rentals Meridian ID",
      "address": "483 E Franklin Rd",
      "city": "Meridian",
      "state": "ID"
    },
    {
      "row": 160,
      "branch_name": "Sunbelt Rentals Laramie WY",
      "address": "1257 N 4th St",
      "city": "Laramie",
      "state": "WY"
    },
    {
      "row": 165,
      "branch_name": "Sunbelt Rentals Hilo",
      "address": "456 Kalanianaole St",
      "city": "Hilo",
      "state": "HI"
    }
  ],
  "sunstate_phone": [
    {
      "row": 2,
      "branch_name": "Sunstate Equipment - Apache Junction",
      "address": "3375 S Winchester Road",
      "city": "Apache Junction",
      "state": "Arizona"
    },
    {
      "row": 3,
      "branch_name": "Sunstate Equipment - Buckeye",
      "address": null,
      "city": "Buckeye",
      "state": "Arizona"
    },
    {
      "row": 4,
      "branch_name": "Sunstate Equipment - Casa Grande",
      "address": "3097 N Piper Avenue",
      "city": "Casa Grande",
      "state": "Arizona"
    },
    {
      "row": 5,
      "branch_name": "Sunstate Equipment - Deer Valley",
      "address": null,
      "city": "Deer Valley",
      "state": "Arizona"
    },
    {
      "row": 6,
      "branch_name": "Sunstate Equipment - Flagstaff",
      "address": "320 S Babbitt Drive",
      "city": "Flagstaff",
      "state": "Arizona"
    },
    {
      "row": 7,
      "branch_name": "Sunstate Equipment - Mesa",
      "address": null,
      "city": "Mesa",
      "state": "Arizona"
    },
    {
      "row": 8,
      "branch_name": "Sunstate Equipment - Peoria",
      "address": "7722 W Olive Avenue",
      "city": "Peoria",
      "state": "Arizona"
    },
    {
      "row": 9,
      "branch_name": "Sunstate Equipment - Phoenix",
      "address": "5425 E Washington Street",
      "city": "Phoenix",
      "state": "Arizona"
    },
    {
      "row": 10,
      "branch_name": "Sunstate Equipment - Prescott",
      "address": "9351 E Lorna Lane",
      "city": "Prescott",
      "state": "Arizona"
    },
    {
      "row": 11,
      "branch_name": "Sunstate Equipment - Scottsdale",
      "address": "7424 E Adobe Drive",
      "city": "Scottsdale",
      "state": "Arizona"
    },
    {
      "row": 12,
      "branch_name": "Sunstate Equipment - Trench - Phoenix",
      "address": null,
      "city": "Trench - Phoenix",
      "state": "Arizona"
    },
    {
      "row": 13,
      "branch_name": "Sunstate Equipment - Trench - Tucson",
      "address": null,
      "city": "Trench - Tucson",
      "state": "Arizona"
    },
    {
      "row": 14,
      "branch_name": "Sunstate Equipment - Tucson",
      "address": "1835 W Grant Road",
      "city": "Tucson",
      "state": "Arizona"
    },
    {
      "row": 15,
      "branch_name": "Sunstate Equipment - Anaheim",
      "address": "4460 E La Palma Avenue",
      "city": "Anaheim",
      "state": "California"
    },
    {
      "row": 16,
      "branch_name": "Sunstate Equipment - Benicia",
      "address": "3110 Bayshore Road",
      "city": "Benicia",
      "state": "California"
    },
    {
      "row": 17,
      "branch_name": "Sunstate Equipment - Burbank",
      "address": "205 W Magnolia Boulevard",
      "city": "Burbank",
      "state": "California"
    },
    {
      "row": 18,
      "branch_name": "Sunstate Equipment - Carson",
      "address": "17310 S Main Street",
      "city": "Carson",
      "state": "California"
    },
    {
      "row": 19,
      "branch_name": "Sunstate Equipment - Colton",
      "address": "3000 S Iowa Avenue",
      "city": "Colton",
      "state": "California"
    },
    {
      "row": 20,
      "branch_name": "Sunstate Equipment - El Cajon",
      "address": "1360 N Magnolia Avenue",
      "city": "El Cajon",
      "state": "California"
    },
    {
      "row": 21,
      "branch_name": "Sunstate Equipment - Fremont",
      "address": "2115 Warm Springs Court",
      "city": "Fremont",
      "state": "California"
    },
    {
      "row": 22,
      "branch_name": "Sunstate Equipment - Montebello",
      "address": "812 Washington Blvd",
      "city": "Montebello",
      "state": "California"
    },
    {
      "row": 23,
      "branch_name": "Sunstate Equipment - Oakland",
      "address": "8001 Oakport Street",
      "city": "Oakland",
      "state": "California"
    },
    {
      "row": 24,
      "branch_name": "Sunstate Equipment - Romoland",
      "address": "25201 Trumble Road",
      "city": "Romoland",
      "state": "California"
    },
    {
      "row": 25,
      "branch_name": "Sunstate Equipment - Roseville",
      "address": "8200 Industrial Avenue",
      "city": "Roseville",
      "state": "California"
    },
    {
      "row": 26,
      "branch_name": "Sunstate Equipment - Sacramento",
      "address": "2661 Evergreen Avenue",
      "city": "Sacramento",
      "state": "California"
    },
    {
      "row": 27,
      "branch_name": "Sunstate Equipment - San Diego",
      "address": null,
      "city": "San Diego",
      "state": "California"
    },
    {
      "row": 28,
      "branch_name": "Sunstate Equipment - San Jose",
      "address": null,
      "city": "San Jose",
      "state": "California"
    },
    {
      "row": 29,
      "branch_name": "Sunstate Equipment - Stockton",
      "address": "75 E Equipment Court",
      "city": "Stockton",
      "state": "California"
    },
    {
      "row": 30,
      "branch_name": "Sunstate Equipment - TRENCH - Baldwin Park",
      "address": "12911 Garvey Ave",
      "city": "TRENCH - Baldwin Park",
      "state": "California"
    },
    {
      "row": 31,
      "branch_name": "Sunstate Equipment - Trench - Romoland",
      "address": "25201 Trumble Road",
      "city": "Trench - Romoland",
      "state": "California"
    },
    {
      "row": 32,
      "branch_name": "Sunstate Equipment - Trench - San Bernardino",
      "address": null,
      "city": "Trench - San Bernardino",
      "state": "California"
    },
    {
      "row": 33,
      "branch_name": "Sunstate Equipment - Trench - San Diego",
      "address": null,
      "city": "Trench - San Diego",
      "state": "California"
    },
    {
      "row": 34,
      "branch_name": "Sunstate Equipment - Colorado Springs",
      "address": "1211 E Cheyenne Road",
      "city": "Colorado Springs",
      "state": "Colorado"
    },
    {
      "row": 35,
      "branch_name": "Sunstate Equipment - Denver",
      "address": "5420 Dahlia Street",
      "city": "Denver",
      "state": "Colorado"
    },
    {
      "row": 36,
      "branch_name": "Sunstate Equipment - Dove Valley",
      "address": null,
      "city": "Dove Valley",
      "state": "Colorado"
    },
    {
      "row": 37,
      "branch_name": "Sunstate Equipment - Fort Collins",
      "address": "4228 E Mulberry Street",
      "city": "Fort Collins",
      "state": "Colorado"
    },
    {
      "row": 38,
      "branch_name": "Sunstate Equipment - Grand Junction",
      "address": "2320 Interstate Avenue",
      "city": "Grand Junction",
      "state": "Colorado"
    },
    {
      "row": 39,
      "branch_name": "Sunstate Equipment - Mead",
      "address": "4005 N Valley Drive",
      "city": "Mead",
      "state": "Colorado"
    },
    {
      "row": 40,
      "branch_name": "Sunstate Equipment - Pueblo",
      "address": "4125 N Elizabeth Street",
      "city": "Pueblo",
      "state": "Colorado"
    },
    {
      "row": 41,
      "branch_name": "Sunstate Equipment - Bradenton",
      "address": null,
      "city": "Bradenton",
      "state": "Florida"
    },
    {
      "row": 42,
      "branch_name": "Sunstate Equipment - Jacksonville",
      "address": "668 Suemac Road",
      "city": "Jacksonville",
      "state": "Florida"
    },
    {
      "row": 43,
      "branch_name": "Sunstate Equipment - Orlando",
      "address": "9075 Sidney Hayes Road",
      "city": "Orlando",
      "state": "Florida"
    },
    {
      "row": 44,
      "branch_name": "Sunstate Equipment - Tampa",
      "address": "5730 E Columbus Drive",
      "city": "Tampa",
      "state": "Florida"
    },
    {
      "row": 45,
      "branch_name": "Sunstate Equipment - Trench - Jacksonville",
      "address": "668 Suemac Road",
      "city": "Trench - Jacksonville",
      "state": "Florida"
    },
    {
      "row": 46,
      "branch_name": "Sunstate Equipment - Buford",
      "address": null,
      "city": "Buford",
      "state": "Georgia"
    },
    {
      "row": 47,
      "branch_name": "Sunstate Equipment - Conley",
      "address": "4460 Moreland Avenue",
      "city": "Conley",
      "state": "Georgia"
    },
    {
      "row": 48,
      "branch_name": "Sunstate Equipment - Marietta",
      "address": "800 Pickens Industrial Drive",
      "city": "Marietta",
      "state": "Georgia"
    },
    {
      "row": 49,
      "branch_name": "Sunstate Equipment - Trench - Atlanta",
      "address": "4460 Moreland Avenue",
      "city": "Trench - Atlanta",
      "state": "Georgia"
    },
    {
      "row": 50,
      "branch_name": "Sunstate Equipment - Trench - Gainesville",
      "address": "1607 SW Calvary Church Road",
      "city": "Trench - Gainesville",
      "state": "Georgia"
    },
    {
      "row": 51,
      "branch_name": "Sunstate Equipment - Baton Rouge",
      "address": "3500 Delta Drive",
      "city": "Baton Rouge",
      "state": "Louisiana"
    },
    {
      "row": 52,
      "branch_name": "Sunstate Equipment - Sulphur",
      "address": "2525 Calcasieu Industrial Drive",
      "city": "Sulphur",
      "state": "Louisiana"
    },
    {
      "row": 53,
      "branch_name": "Sunstate Equipment - Charlotte",
      "address": null,
      "city": "Charlotte",
      "state": "North Carolina"
    },
    {
      "row": 54,
      "branch_name": "Sunstate Equipment - Greensboro",
      "address": "105 South Swing Road",
      "city": "Greensboro",
      "state": "North Carolina"
    },
    {
      "row": 55,
      "branch_name": "Sunstate Equipment - Raleigh",
      "address": null,
      "city": "Raleigh",
      "state": "North Carolina"
    },
    {
      "row": 56,
      "branch_name": "Sunstate Equipment - Trench - Charlotte",
      "address": "1255 Biscayne Drive",
      "city": "Trench - Charlotte",
      "state": "North Carolina"
    },
    {
      "row": 57,
      "branch_name": "Sunstate Equipment - Trench - Raleigh",
      "address": null,
      "city": "Trench - Raleigh",
      "state": "North Carolina"
    },
    {
      "row": 58,
      "branch_name": "Sunstate Equipment - Rio Rancho",
      "address": "221 Rio Rancho Drive",
      "city": "Rio Rancho",
      "state": "New Mexico"
    },
    {
      "row": 59,
      "branch_name": "Sunstate Equipment - Las Vegas",
      "address": "250 Elliot Road",
      "city": "Las Vegas",
      "state": "Nevada"
    },
    {
      "row": 60,
      "branch_name": "Sunstate Equipment - Reno",
      "address": "750 S Rock Boulevard",
      "city": "Reno",
      "state": "Nevada"
    },
    {
      "row": 61,
      "branch_name": "Sunstate Equipment - Oklahoma City",
      "address": "6711 S Eastern Avenue",
      "city": "Oklahoma City",
      "state": "Oklahoma"
    },
    {
      "row": 62,
      "branch_name": "Sunstate Equipment - Tulsa",
      "address": null,
      "city": "Tulsa",
      "state": "Oklahoma"
    },
    {
      "row": 63,
      "branch_name": "Sunstate Equipment - Portland",
      "address": "5413 NE Columbia Boulevard",
      "city": "Portland",
      "state": "Oregon"
    },
    {
      "row": 64,
      "branch_name": "Sunstate Equipment - Trench - Portland",
      "address": "7402 SE Johnson Creek Boulevard",
      "city": "Trench - Portland",
      "state": "Oregon"
    },
    {
      "row": 65,
      "branch_name": "Sunstate Equipment - Trench - Salem",
      "address": "4605 Turner Road",
      "city": "Trench - Salem",
      "state": "Oregon"
    },
    {
      "row": 66,
      "branch_name": "Sunstate Equipment - North Charleston",
      "address": "7221 Cross Park Drive",
      "city": "North Charleston",
      "state": "South Carolina"
    },
    {
      "row": 67,
      "branch_name": "Sunstate Equipment - La Vergne",
      "address": "1500 J P Hennessy Drive",
      "city": "La Vergne",
      "state": "Tennessee"
    },
    {
      "row": 68,
      "branch_name": "Sunstate Equipment - Memphis",
      "address": null,
      "city": "Memphis",
      "state": "Tennessee"
    },
    {
      "row": 69,
      "branch_name": "Sunstate Equipment - Nashville",
      "address": "1111 Polk Avenue",
      "city": "Nashville",
      "state": "Tennessee"
    },
    {
      "row": 70,
      "branch_name": "Sunstate Equipment - Austin",
      "address": null,
      "city": "Austin",
      "state": "Texas"
    },
    {
      "row": 71,
      "branch_name": "Sunstate Equipment - Balch Springs",
      "address": "5005 S Peachtree Road",
      "city": "Balch Springs",
      "state": "Texas"
    },
    {
      "row": 72,
      "branch_name": "Sunstate Equipment - Beaumont",
      "address": "4745 Jerry Ware Drive",
      "city": "Beaumont",
      "state": "Texas"
    },
    {
      "row": 73,
      "branch_name": "Sunstate Equipment - Bryan",
      "address": null,
      "city": "Bryan",
      "state": "Texas"
    },
    {
      "row": 74,
      "branch_name": "Sunstate Equipment - Buda",
      "address": "35 Frontage Rd",
      "city": "Buda",
      "state": "Texas"
    },
    {
      "row": 75,
      "branch_name": "Sunstate Equipment - Carrollton",
      "address": "1110 Jackson Road",
      "city": "Carrollton",
      "state": "Texas"
    },
    {
      "row": 76,
      "branch_name": "Sunstate Equipment - Conroe",
      "address": "661 Frazier Commerce Drive",
      "city": "Conroe",
      "state": "Texas"
    },
    {
      "row": 77,
      "branch_name": "Sunstate Equipment - Corpus Christi",
      "address": "232 N Padre Island Drive",
      "city": "Corpus Christi",
      "state": "Texas"
    },
    {
      "row": 78,
      "branch_name": "Sunstate Equipment - Duncanville",
      "address": "4100 Duncanville Road",
      "city": "Duncanville",
      "state": "Texas"
    },
    {
      "row": 79,
      "branch_name": "Sunstate Equipment - El Paso",
      "address": "8660 Castner Drive",
      "city": "El Paso",
      "state": "Texas"
    },
    {
      "row": 80,
      "branch_name": "Sunstate Equipment - Fort Worth",
      "address": null,
      "city": "Fort Worth",
      "state": "Texas"
    },
    {
      "row": 81,
      "branch_name": "Sunstate Equipment - Fort Worth - South",
      "address": null,
      "city": "Fort Worth - South",
      "state": "Texas"
    },
    {
      "row": 82,
      "branch_name": "Sunstate Equipment - Freeport",
      "address": "211 W Plantation Drive",
      "city": "Freeport",
      "state": "Texas"
    },
    {
      "row": 83,
      "branch_name": "Sunstate Equipment - Friendswood",
      "address": "15518 Beamer Road",
      "city": "Friendswood",
      "state": "Texas"
    },
    {
      "row": 84,
      "branch_name": "Sunstate Equipment - Houston",
      "address": null,
      "city": "Houston",
      "state": "Texas"
    },
    {
      "row": 85,
      "branch_name": "Sunstate Equipment - Houston-2",
      "address": null,
      "city": "Houston-2",
      "state": "Texas"
    },
    {
      "row": 86,
      "branch_name": "Sunstate Equipment - Houston-4",
      "address": "5121 Oates Road",
      "city": "Houston-4",
      "state": "Texas"
    },
    {
      "row": 87,
      "branch_name": "Sunstate Equipment - Killeen",
      "address": null,
      "city": "Killeen",
      "state": "Texas"
    },
    {
      "row": 88,
      "branch_name": "Sunstate Equipment - Krum",
      "address": null,
      "city": "Krum",
      "state": "Texas"
    },
    {
      "row": 89,
      "branch_name": "Sunstate Equipment - La Porte",
      "address": "4462 Genoa Red Bluff Road",
      "city": "La Porte",
      "state": "Texas"
    },
    {
      "row": 90,
      "branch_name": "Sunstate Equipment - Mckinney",
      "address": "10041 W University Drive",
      "city": "Mckinney",
      "state": "Texas"
    },
    {
      "row": 91,
      "branch_name": "Sunstate Equipment - Odessa",
      "address": null,
      "city": "Odessa",
      "state": "Texas"
    },
    {
      "row": 92,
      "branch_name": "Sunstate Equipment - Rosenberg",
      "address": "3940 Reese Road",
      "city": "Rosenberg",
      "state": "Texas"
    },
    {
      "row": 93,
      "branch_name": "Sunstate Equipment - San Antonio",
      "address": null,
      "city": "San Antonio",
      "state": "Texas"
    },
    {
      "row": 94,
      "branch_name": "Sunstate Equipment - Southlake",
      "address": "350 Bank Street",
      "city": "Southlake",
      "state": "Texas"
    },
    {
      "row": 95,
      "branch_name": "Sunstate Equipment - Trench  - El Paso",
      "address": "8735 Yermoland Dr",
      "city": "Trench  - El Paso",
      "state": "Texas"
    },
    {
      "row": 96,
      "branch_name": "Sunstate Equipment - Trench - Austin",
      "address": null,
      "city": "Trench - Austin",
      "state": "Texas"
    },
    {
      "row": 97,
      "branch_name": "Sunstate Equipment - Trench - Dallas-Fort Worth",
      "address": "876 Entertainment Way",
      "city": "Trench - Dallas-Fort Worth",
      "state": "Texas"
    },
    {
      "row": 98,
      "branch_name": "Sunstate Equipment - Trench - Houston",
      "address": "10526 Tanner Road",
      "city": "Trench - Houston",
      "state": "Texas"
    },
    {
      "row": 99,
      "branch_name": "Sunstate Equipment - Trench - San Antonio",
      "address": "4212 N Graytown Road",
      "city": "Trench - San Antonio",
      "state": "Texas"
    },
    {
      "row": 100,
      "branch_name": "Sunstate Equipment - Lindon",
      "address": null,
      "city": "Lindon",
      "state": "Utah"
    },
    {
      "row": 101,
      "branch_name": "Sunstate Equipment - Ogden",
      "address": null,
      "city": "Ogden",
      "state": "Utah"
    },
    {
      "row": 102,
      "branch_name": "Sunstate Equipment - Salt Lake City",
      "address": "2051 N Redwood Road",
      "city": "Salt Lake City",
      "state": "Utah"
    },
    {
      "row": 103,
      "branch_name": "Sunstate Equipment - Kent",
      "address": null,
      "city": "Kent",
      "state": "Washington"
    },
    {
      "row": 104,
      "branch_name": "Sunstate Equipment - Lakewood",
      "address": "8909 S Tacoma Way",
      "city": "Lakewood",
      "state": "Washington"
    },
    {
      "row": 105,
      "branch_name": "Sunstate Equipment - Trench - Kent",
      "address": null,
      "city": "Trench - Kent",
      "state": "Washington"
    },
    {
      "row": 106,
      "branch_name": "Sunstate Equipment - Trench - Olympia",
      "address": null,
      "city": "Trench - Olympia",
      "state": "Washington"
    },
    {
      "row": 107,
      "branch_name": "Sunstate Equipment - Trench - Pasco",
      "address": "4225 East B Street",
      "city": "Trench - Pasco",
      "state": "Washington"
    },
    {
      "row": 108,
      "branch_name": "Sunstate Equipment - Trench - Woodinville",
      "address": null,
      "city": "Trench - Woodinville",
      "state": "Washington"
    },
    {
      "row": 109,
      "branch_name": "Sunstate Equipment - Woodinville",
      "address": null,
      "city": "Woodinville",
      "state": "Washington"
    },
    {
      "row": 110,
      "branch_name": "Sunstate Equipment - Apache Junction",
      "address": "3375 S Winchester Road",
      "city": "Apache Junction",
      "state": "Arizona"
    },
    {
      "row": 111,
      "branch_name": "Sunstate Equipment - Buckeye",
      "address": null,
      "city": "Buckeye",
      "state": "Arizona"
    },
    {
      "row": 112,
      "branch_name": "Sunstate Equipment - Casa Grande",
      "address": "3097 N Piper Avenue",
      "city": "Casa Grande",
      "state": "Arizona"
    },
    {
      "row": 113,
      "branch_name": "Sunstate Equipment - Deer Valley",
      "address": null,
      "city": "Deer Valley",
      "state": "Arizona"
    },
    {
      "row": 114,
      "branch_name": "Sunstate Equipment - Flagstaff",
      "address": "320 S Babbitt Drive",
      "city": "Flagstaff",
      "state": "Arizona"
    },
    {
      "row": 115,
      "branch_name": "Sunstate Equipment - Mesa",
      "address": null,
      "city": "Mesa",
      "state": "Arizona"
    },
    {
      "row": 116,
      "branch_name": "Sunstate Equipment - Peoria",
      "address": "7722 W Olive Avenue",
      "city": "Peoria",
      "state": "Arizona"
    },
    {
      "row": 117,
      "branch_name": "Sunstate Equipment - Phoenix",
      "address": "5425 E Washington Street",
      "city": "Phoenix",
      "state": "Arizona"
    },
    {
      "row": 118,
      "branch_name": "Sunstate Equipment - Prescott",
      "address": "9351 E Lorna Lane",
      "city": "Prescott",
      "state": "Arizona"
    },
    {
      "row": 119,
      "branch_name": "Sunstate Equipment - Scottsdale",
      "address": "7424 E Adobe Drive",
      "city": "Scottsdale",
      "state": "Arizona"
    },
    {
      "row": 120,
      "branch_name": "Sunstate Equipment - Trench - Phoenix",
      "address": null,
      "city": "Trench - Phoenix",
      "state": "Arizona"
    },
    {
      "row": 121,
      "branch_name": "Sunstate Equipment - Trench - Tucson",
      "address": null,
      "city": "Trench - Tucson",
      "state": "Arizona"
    },
    {
      "row": 122,
      "branch_name": "Sunstate Equipment - Tucson",
      "address": "1835 W Grant Road",
      "city": "Tucson",
      "state": "Arizona"
    },
    {
      "row": 123,
      "branch_name": "Sunstate Equipment - Anaheim",
      "address": "4460 E La Palma Avenue",
      "city": "Anaheim",
      "state": "California"
    },
    {
      "row": 124,
      "branch_name": "Sunstate Equipment - Benicia",
      "address": "3110 Bayshore Road",
      "city": "Benicia",
      "state": "California"
    },
    {
      "row": 125,
      "branch_name": "Sunstate Equipment - Burbank",
      "address": "205 W Magnolia Boulevard",
      "city": "Burbank",
      "state": "California"
    },
    {
      "row": 126,
      "branch_name": "Sunstate Equipment - Carson",
      "address": "17310 S Main Street",
      "city": "Carson",
      "state": "California"
    },
    {
      "row": 127,
      "branch_name": "Sunstate Equipment - Colton",
      "address": "3000 S Iowa Avenue",
      "city": "Colton",
      "state": "California"
    },
    {
      "row": 128,
      "branch_name": "Sunstate Equipment - El Cajon",
      "address": "1360 N Magnolia Avenue",
      "city": "El Cajon",
      "state": "California"
    },
    {
      "row": 129,
      "branch_name": "Sunstate Equipment - Fremont",
      "address": "2115 Warm Springs Court",
      "city": "Fremont",
      "state": "California"
    },
    {
      "row": 130,
      "branch_name": "Sunstate Equipment - Montebello",
      "address": "812 Washington Blvd",
      "city": "Montebello",
      "state": "California"
    },
    {
      "row": 131,
      "branch_name": "Sunstate Equipment - Oakland",
      "address": "8001 Oakport Street",
      "city": "Oakland",
      "state": "California"
    },
    {
      "row": 132,
      "branch_name": "Sunstate Equipment - Romoland",
      "address": "25201 Trumble Road",
      "city": "Romoland",
      "state": "California"
    },
    {
      "row": 133,
      "branch_name": "Sunstate Equipment - Roseville",
      "address": "8200 Industrial Avenue",
      "city": "Roseville",
      "state": "California"
    },
    {
      "row": 134,
      "branch_name": "Sunstate Equipment - Sacramento",
      "address": "2661 Evergreen Avenue",
      "city": "Sacramento",
      "state": "California"
    },
    {
      "row": 135,
      "branch_name": "Sunstate Equipment - San Diego",
      "address": null,
      "city": "San Diego",
      "state": "California"
    },
    {
      "row": 136,
      "branch_name": "Sunstate Equipment - San Jose",
      "address": null,
      "city": "San Jose",
      "state": "California"
    },
    {
      "row": 137,
      "branch_name": "Sunstate Equipment - Stockton",
      "address": "75 E Equipment Court",
      "city": "Stockton",
      "state": "California"
    },
    {
      "row": 138,
      "branch_name": "Sunstate Equipment - TRENCH - Baldwin Park",
      "address": "12911 Garvey Ave",
      "city": "TRENCH - Baldwin Park",
      "state": "California"
    },
    {
      "row": 139,
      "branch_name": "Sunstate Equipment - Trench - Romoland",
      "address": "25201 Trumble Road",
      "city": "Trench - Romoland",
      "state": "California"
    },
    {
      "row": 140,
      "branch_name": "Sunstate Equipment - Trench - San Bernardino",
      "address": null,
      "city": "Trench - San Bernardino",
      "state": "California"
    },
    {
      "row": 141,
      "branch_name": "Sunstate Equipment - Trench - San Diego",
      "address": null,
      "city": "Trench - San Diego",
      "state": "California"
    },
    {
      "row": 142,
      "branch_name": "Sunstate Equipment - Colorado Springs",
      "address": "1211 E Cheyenne Road",
      "city": "Colorado Springs",
      "state": "Colorado"
    },
    {
      "row": 143,
      "branch_name": "Sunstate Equipment - Denver",
      "address": "5420 Dahlia Street",
      "city": "Denver",
      "state": "Colorado"
    },
    {
      "row": 144,
      "branch_name": "Sunstate Equipment - Dove Valley",
      "address": null,
      "city": "Dove Valley",
      "state": "Colorado"
    },
    {
      "row": 145,
      "branch_name": "Sunstate Equipment - Fort Collins",
      "address": "4228 E Mulberry Street",
      "city": "Fort Collins",
      "state": "Colorado"
    },
    {
      "row": 146,
      "branch_name": "Sunstate Equipment - Grand Junction",
      "address": "2320 Interstate Avenue",
      "city": "Grand Junction",
      "state": "Colorado"
    },
    {
      "row": 147,
      "branch_name": "Sunstate Equipment - Mead",
      "address": "4005 N Valley Drive",
      "city": "Mead",
      "state": "Colorado"
    },
    {
      "row": 148,
      "branch_name": "Sunstate Equipment - Pueblo",
      "address": "4125 N Elizabeth Street",
      "city": "Pueblo",
      "state": "Colorado"
    },
    {
      "row": 149,
      "branch_name": "Sunstate Equipment - Bradenton",
      "address": null,
      "city": "Bradenton",
      "state": "Florida"
    },
    {
      "row": 150,
      "branch_name": "Sunstate Equipment - Jacksonville",
      "address": "668 Suemac Road",
      "city": "Jacksonville",
      "state": "Florida"
    },
    {
      "row": 151,
      "branch_name": "Sunstate Equipment - Orlando",
      "address": "9075 Sidney Hayes Road",
      "city": "Orlando",
      "state": "Florida"
    },
    {
      "row": 152,
      "branch_name": "Sunstate Equipment - Tampa",
      "address": "5730 E Columbus Drive",
      "city": "Tampa",
      "state": "Florida"
    },
    {
      "row": 153,
      "branch_name": "Sunstate Equipment - Trench - Jacksonville",
      "address": "668 Suemac Road",
      "city": "Trench - Jacksonville",
      "state": "Florida"
    },
    {
      "row": 154,
      "branch_name": "Sunstate Equipment - Buford",
      "address": null,
      "city": "Buford",
      "state": "Georgia"
    },
    {
      "row": 155,
      "branch_name": "Sunstate Equipment - Conley",
      "address": "4460 Moreland Avenue",
      "city": "Conley",
      "state": "Georgia"
    },
    {
      "row": 156,
      "branch_name": "Sunstate Equipment - Marietta",
      "address": "800 Pickens Industrial Drive",
      "city": "Marietta",
      "state": "Georgia"
    },
    {
      "row": 157,
      "branch_name": "Sunstate Equipment - Trench - Atlanta",
      "address": "4460 Moreland Avenue",
      "city": "Trench - Atlanta",
      "state": "Georgia"
    },
    {
      "row": 158,
      "branch_name": "Sunstate Equipment - Trench - Gainesville",
      "address": "1607 SW Calvary Church Road",
      "city": "Trench - Gainesville",
      "state": "Georgia"
    },
    {
      "row": 159,
      "branch_name": "Sunstate Equipment - Baton Rouge",
      "address": "3500 Delta Drive",
      "city": "Baton Rouge",
      "state": "Louisiana"
    },
    {
      "row": 160,
      "branch_name": "Sunstate Equipment - Sulphur",
      "address": "2525 Calcasieu Industrial Drive",
      "city": "Sulphur",
      "state": "Louisiana"
    },
    {
      "row": 161,
      "branch_name": "Sunstate Equipment - Charlotte",
      "address": null,
      "city": "Charlotte",
      "state": "North Carolina"
    },
    {
      "row": 162,
      "branch_name": "Sunstate Equipment - Greensboro",
      "address": "105 South Swing Road",
      "city": "Greensboro",
      "state": "North Carolina"
    },
    {
      "row": 163,
      "branch_name": "Sunstate Equipment - Raleigh",
      "address": null,
      "city": "Raleigh",
      "state": "North Carolina"
    },
    {
      "row": 164,
      "branch_name": "Sunstate Equipment - Trench - Charlotte",
      "address": "1255 Biscayne Drive",
      "city": "Trench - Charlotte",
      "state": "North Carolina"
    },
    {
      "row": 165,
      "branch_name": "Sunstate Equipment - Trench - Raleigh",
      "address": null,
      "city": "Trench - Raleigh",
      "state": "North Carolina"
    },
    {
      "row": 166,
      "branch_name": "Sunstate Equipment - Rio Rancho",
      "address": "221 Rio Rancho Drive",
      "city": "Rio Rancho",
      "state": "New Mexico"
    },
    {
      "row": 167,
      "branch_name": "Sunstate Equipment - Las Vegas",
      "address": "250 Elliot Road",
      "city": "Las Vegas",
      "state": "Nevada"
    },
    {
      "row": 168,
      "branch_name": "Sunstate Equipment - Reno",
      "address": "750 S Rock Boulevard",
      "city": "Reno",
      "state": "Nevada"
    },
    {
      "row": 169,
      "branch_name": "Sunstate Equipment - Oklahoma City",
      "address": "6711 S Eastern Avenue",
      "city": "Oklahoma City",
      "state": "Oklahoma"
    },
    {
      "row": 170,
      "branch_name": "Sunstate Equipment - Tulsa",
      "address": null,
      "city": "Tulsa",
      "state": "Oklahoma"
    },
    {
      "row": 171,
      "branch_name": "Sunstate Equipment - Portland",
      "address": "5413 NE Columbia Boulevard",
      "city": "Portland",
      "state": "Oregon"
    },
    {
      "row": 172,
      "branch_name": "Sunstate Equipment - Trench - Portland",
      "address": "7402 SE Johnson Creek Boulevard",
      "city": "Trench - Portland",
      "state": "Oregon"
    },
    {
      "row": 173,
      "branch_name": "Sunstate Equipment - Trench - Salem",
      "address": "4605 Turner Road",
      "city": "Trench - Salem",
      "state": "Oregon"
    },
    {
      "row": 174,
      "branch_name": "Sunstate Equipment - North Charleston",
      "address": "7221 Cross Park Drive",
      "city": "North Charleston",
      "state": "South Carolina"
    },
    {
      "row": 175,
      "branch_name": "Sunstate Equipment - La Vergne",
      "address": "1500 J P Hennessy Drive",
      "city": "La Vergne",
      "state": "Tennessee"
    },
    {
      "row": 176,
      "branch_name": "Sunstate Equipment - Memphis",
      "address": null,
      "city": "Memphis",
      "state": "Tennessee"
    },
    {
      "row": 177,
      "branch_name": "Sunstate Equipment - Nashville",
      "address": "1111 Polk Avenue",
      "city": "Nashville",
      "state": "Tennessee"
    },
    {
      "row": 178,
      "branch_name": "Sunstate Equipment - Austin",
      "address": null,
      "city": "Austin",
      "state": "Texas"
    },
    {
      "row": 179,
      "branch_name": "Sunstate Equipment - Balch Springs",
      "address": "5005 S Peachtree Road",
      "city": "Balch Springs",
      "state": "Texas"
    },
    {
      "row": 180,
      "branch_name": "Sunstate Equipment - Beaumont",
      "address": "4745 Jerry Ware Drive",
      "city": "Beaumont",
      "state": "Texas"
    },
    {
      "row": 181,
      "branch_name": "Sunstate Equipment - Bryan",
      "address": null,
      "city": "Bryan",
      "state": "Texas"
    },
    {
      "row": 182,
      "branch_name": "Sunstate Equipment - Buda",
      "address": "35 Frontage Rd",
      "city": "Buda",
      "state": "Texas"
    },
    {
      "row": 183,
      "branch_name": "Sunstate Equipment - Carrollton",
      "address": "1110 Jackson Road",
      "city": "Carrollton",
      "state": "Texas"
    },
    {
      "row": 184,
      "branch_name": "Sunstate Equipment - Conroe",
      "address": "661 Frazier Commerce Drive",
      "city": "Conroe",
      "state": "Texas"
    },
    {
      "row": 185,
      "branch_name": "Sunstate Equipment - Corpus Christi",
      "address": "232 N Padre Island Drive",
      "city": "Corpus Christi",
      "state": "Texas"
    },
    {
      "row": 186,
      "branch_name": "Sunstate Equipment - Duncanville",
      "address": "4100 Duncanville Road",
      "city": "Duncanville",
      "state": "Texas"
    },
    {
      "row": 187,
      "branch_name": "Sunstate Equipment - El Paso",
      "address": "8660 Castner Drive",
      "city": "El Paso",
      "state": "Texas"
    },
    {
      "row": 188,
      "branch_name": "Sunstate Equipment - Fort Worth",
      "address": null,
      "city": "Fort Worth",
      "state": "Texas"
    },
    {
      "row": 189,
      "branch_name": "Sunstate Equipment - Fort Worth - South",
      "address": null,
      "city": "Fort Worth - South",
      "state": "Texas"
    },
    {
      "row": 190,
      "branch_name": "Sunstate Equipment - Freeport",
      "address": "211 W Plantation Drive",
      "city": "Freeport",
      "state": "Texas"
    },
    {
      "row": 191,
      "branch_name": "Sunstate Equipment - Friendswood",
      "address": "15518 Beamer Road",
      "city": "Friendswood",
      "state": "Texas"
    },
    {
      "row": 192,
      "branch_name": "Sunstate Equipment - Houston",
      "address": null,
      "city": "Houston",
      "state": "Texas"
    },
    {
      "row": 193,
      "branch_name": "Sunstate Equipment - Houston-2",
      "address": null,
      "city": "Houston-2",
      "state": "Texas"
    },
    {
      "row": 194,
      "branch_name": "Sunstate Equipment - Houston-4",
      "address": "5121 Oates Road",
      "city": "Houston-4",
      "state": "Texas"
    },
    {
      "row": 195,
      "branch_name": "Sunstate Equipment - Killeen",
      "address": null,
      "city": "Killeen",
      "state": "Texas"
    },
    {
      "row": 196,
      "branch_name": "Sunstate Equipment - Krum",
      "address": null,
      "city": "Krum",
      "state": "Texas"
    },
    {
      "row": 197,
      "branch_name": "Sunstate Equipment - La Porte",
      "address": "4462 Genoa Red Bluff Road",
      "city": "La Porte",
      "state": "Texas"
    },
    {
      "row": 198,
      "branch_name": "Sunstate Equipment - Mckinney",
      "address": "10041 W University Drive",
      "city": "Mckinney",
      "state": "Texas"
    },
    {
      "row": 199,
      "branch_name": "Sunstate Equipment - Odessa",
      "address": null,
      "city": "Odessa",
      "state": "Texas"
    },
    {
      "row": 200,
      "branch_name": "Sunstate Equipment - Rosenberg",
      "address": "3940 Reese Road",
      "city": "Rosenberg",
      "state": "Texas"
    },
    {
      "row": 201,
      "branch_name": "Sunstate Equipment - San Antonio",
      "address": null,
      "city": "San Antonio",
      "state": "Texas"
    },
    {
      "row": 202,
      "branch_name": "Sunstate Equipment - Southlake",
      "address": "350 Bank Street",
      "city": "Southlake",
      "state": "Texas"
    },
    {
      "row": 203,
      "branch_name": "Sunstate Equipment - Trench  - El Paso",
      "address": "8735 Yermoland Dr",
      "city": "Trench  - El Paso",
      "state": "Texas"
    },
    {
      "row": 204,
      "branch_name": "Sunstate Equipment - Trench - Austin",
      "address": null,
      "city": "Trench - Austin",
      "state": "Texas"
    },
    {
      "row": 205,
      "branch_name": "Sunstate Equipment - Trench - Dallas-Fort Worth",
      "address": "876 Entertainment Way",
      "city": "Trench - Dallas-Fort Worth",
      "state": "Texas"
    },
    {
      "row": 206,
      "branch_name": "Sunstate Equipment - Trench - Houston",
      "address": "10526 Tanner Road",
      "city": "Trench - Houston",
      "state": "Texas"
    },
    {
      "row": 207,
      "branch_name": "Sunstate Equipment - Trench - San Antonio",
      "address": "4212 N Graytown Road",
      "city": "Trench - San Antonio",
      "state": "Texas"
    },
    {
      "row": 208,
      "branch_name": "Sunstate Equipment - Lindon",
      "address": null,
      "city": "Lindon",
      "state": "Utah"
    },
    {
      "row": 209,
      "branch_name": "Sunstate Equipment - Ogden",
      "address": null,
      "city": "Ogden",
      "state": "Utah"
    },
    {
      "row": 210,
      "branch_name": "Sunstate Equipment - Salt Lake City",
      "address": "2051 N Redwood Road",
      "city": "Salt Lake City",
      "state": "Utah"
    },
    {
      "row": 211,
      "branch_name": "Sunstate Equipment - Kent",
      "address": null,
      "city": "Kent",
      "state": "Washington"
    },
    {
      "row": 212,
      "branch_name": "Sunstate Equipment - Lakewood",
      "address": "8909 S Tacoma Way",
      "city": "Lakewood",
      "state": "Washington"
    },
    {
      "row": 213,
      "branch_name": "Sunstate Equipment - Trench - Kent",
      "address": null,
      "city": "Trench - Kent",
      "state": "Washington"
    },
    {
      "row": 214,
      "branch_name": "Sunstate Equipment - Trench - Olympia",
      "address": null,
      "city": "Trench - Olympia",
      "state": "Washington"
    },
    {
      "row": 215,
      "branch_name": "Sunstate Equipment - Trench - Pasco",
      "address": "4225 East B Street",
      "city": "Trench - Pasco",
      "state": "Washington"
    },
    {
      "row": 216,
      "branch_name": "Sunstate Equipment - Trench - Woodinville",
      "address": null,
      "city": "Trench - Woodinville",
      "state": "Washington"
    },
    {
      "row": 217,
      "branch_name": "Sunstate Equipment - Woodinville",
      "address": null,
      "city": "Woodinville",
      "state": "Washington"
    }
  ],
  "sunstate_addr": [
    {
      "row": 3,
      "branch_name": "Sunstate Equipment - Buckeye",
      "city": "Buckeye",
      "state": "Arizona"
    },
    {
      "row": 5,
      "branch_name": "Sunstate Equipment - Deer Valley",
      "city": "Deer Valley",
      "state": "Arizona"
    },
    {
      "row": 7,
      "branch_name": "Sunstate Equipment - Mesa",
      "city": "Mesa",
      "state": "Arizona"
    },
    {
      "row": 12,
      "branch_name": "Sunstate Equipment - Trench - Phoenix",
      "city": "Trench - Phoenix",
      "state": "Arizona"
    },
    {
      "row": 13,
      "branch_name": "Sunstate Equipment - Trench - Tucson",
      "city": "Trench - Tucson",
      "state": "Arizona"
    },
    {
      "row": 27,
      "branch_name": "Sunstate Equipment - San Diego",
      "city": "San Diego",
      "state": "California"
    },
    {
      "row": 28,
      "branch_name": "Sunstate Equipment - San Jose",
      "city": "San Jose",
      "state": "California"
    },
    {
      "row": 32,
      "branch_name": "Sunstate Equipment - Trench - San Bernardino",
      "city": "Trench - San Bernardino",
      "state": "California"
    },
    {
      "row": 33,
      "branch_name": "Sunstate Equipment - Trench - San Diego",
      "city": "Trench - San Diego",
      "state": "California"
    },
    {
      "row": 36,
      "branch_name": "Sunstate Equipment - Dove Valley",
      "city": "Dove Valley",
      "state": "Colorado"
    },
    {
      "row": 41,
      "branch_name": "Sunstate Equipment - Bradenton",
      "city": "Bradenton",
      "state": "Florida"
    },
    {
      "row": 46,
      "branch_name": "Sunstate Equipment - Buford",
      "city": "Buford",
      "state": "Georgia"
    },
    {
      "row": 53,
      "branch_name": "Sunstate Equipment - Charlotte",
      "city": "Charlotte",
      "state": "North Carolina"
    },
    {
      "row": 55,
      "branch_name": "Sunstate Equipment - Raleigh",
      "city": "Raleigh",
      "state": "North Carolina"
    },
    {
      "row": 57,
      "branch_name": "Sunstate Equipment - Trench - Raleigh",
      "city": "Trench - Raleigh",
      "state": "North Carolina"
    },
    {
      "row": 62,
      "branch_name": "Sunstate Equipment - Tulsa",
      "city": "Tulsa",
      "state": "Oklahoma"
    },
    {
      "row": 68,
      "branch_name": "Sunstate Equipment - Memphis",
      "city": "Memphis",
      "state": "Tennessee"
    },
    {
      "row": 70,
      "branch_name": "Sunstate Equipment - Austin",
      "city": "Austin",
      "state": "Texas"
    },
    {
      "row": 73,
      "branch_name": "Sunstate Equipment - Bryan",
      "city": "Bryan",
      "state": "Texas"
    },
    {
      "row": 80,
      "branch_name": "Sunstate Equipment - Fort Worth",
      "city": "Fort Worth",
      "state": "Texas"
    },
    {
      "row": 81,
      "branch_name": "Sunstate Equipment - Fort Worth - South",
      "city": "Fort Worth - South",
      "state": "Texas"
    },
    {
      "row": 84,
      "branch_name": "Sunstate Equipment - Houston",
      "city": "Houston",
      "state": "Texas"
    },
    {
      "row": 85,
      "branch_name": "Sunstate Equipment - Houston-2",
      "city": "Houston-2",
      "state": "Texas"
    },
    {
      "row": 87,
      "branch_name": "Sunstate Equipment - Killeen",
      "city": "Killeen",
      "state": "Texas"
    },
    {
      "row": 88,
      "branch_name": "Sunstate Equipment - Krum",
      "city": "Krum",
      "state": "Texas"
    },
    {
      "row": 91,
      "branch_name": "Sunstate Equipment - Odessa",
      "city": "Odessa",
      "state": "Texas"
    },
    {
      "row": 93,
      "branch_name": "Sunstate Equipment - San Antonio",
      "city": "San Antonio",
      "state": "Texas"
    },
    {
      "row": 96,
      "branch_name": "Sunstate Equipment - Trench - Austin",
      "city": "Trench - Austin",
      "state": "Texas"
    },
    {
      "row": 100,
      "branch_name": "Sunstate Equipment - Lindon",
      "city": "Lindon",
      "state": "Utah"
    },
    {
      "row": 101,
      "branch_name": "Sunstate Equipment - Ogden",
      "city": "Ogden",
      "state": "Utah"
    },
    {
      "row": 103,
      "branch_name": "Sunstate Equipment - Kent",
      "city": "Kent",
      "state": "Washington"
    },
    {
      "row": 105,
      "branch_name": "Sunstate Equipment - Trench - Kent",
      "city": "Trench - Kent",
      "state": "Washington"
    },
    {
      "row": 106,
      "branch_name": "Sunstate Equipment - Trench - Olympia",
      "city": "Trench - Olympia",
      "state": "Washington"
    },
    {
      "row": 108,
      "branch_name": "Sunstate Equipment - Trench - Woodinville",
      "city": "Trench - Woodinville",
      "state": "Washington"
    },
    {
      "row": 109,
      "branch_name": "Sunstate Equipment - Woodinville",
      "city": "Woodinville",
      "state": "Washington"
    },
    {
      "row": 111,
      "branch_name": "Sunstate Equipment - Buckeye",
      "city": "Buckeye",
      "state": "Arizona"
    },
    {
      "row": 113,
      "branch_name": "Sunstate Equipment - Deer Valley",
      "city": "Deer Valley",
      "state": "Arizona"
    },
    {
      "row": 115,
      "branch_name": "Sunstate Equipment - Mesa",
      "city": "Mesa",
      "state": "Arizona"
    },
    {
      "row": 120,
      "branch_name": "Sunstate Equipment - Trench - Phoenix",
      "city": "Trench - Phoenix",
      "state": "Arizona"
    },
    {
      "row": 121,
      "branch_name": "Sunstate Equipment - Trench - Tucson",
      "city": "Trench - Tucson",
      "state": "Arizona"
    },
    {
      "row": 135,
      "branch_name": "Sunstate Equipment - San Diego",
      "city": "San Diego",
      "state": "California"
    },
    {
      "row": 136,
      "branch_name": "Sunstate Equipment - San Jose",
      "city": "San Jose",
      "state": "California"
    },
    {
      "row": 140,
      "branch_name": "Sunstate Equipment - Trench - San Bernardino",
      "city": "Trench - San Bernardino",
      "state": "California"
    },
    {
      "row": 141,
      "branch_name": "Sunstate Equipment - Trench - San Diego",
      "city": "Trench - San Diego",
      "state": "California"
    },
    {
      "row": 144,
      "branch_name": "Sunstate Equipment - Dove Valley",
      "city": "Dove Valley",
      "state": "Colorado"
    },
    {
      "row": 149,
      "branch_name": "Sunstate Equipment - Bradenton",
      "city": "Bradenton",
      "state": "Florida"
    },
    {
      "row": 154,
      "branch_name": "Sunstate Equipment - Buford",
      "city": "Buford",
      "state": "Georgia"
    },
    {
      "row": 161,
      "branch_name": "Sunstate Equipment - Charlotte",
      "city": "Charlotte",
      "state": "North Carolina"
    },
    {
      "row": 163,
      "branch_name": "Sunstate Equipment - Raleigh",
      "city": "Raleigh",
      "state": "North Carolina"
    },
    {
      "row": 165,
      "branch_name": "Sunstate Equipment - Trench - Raleigh",
      "city": "Trench - Raleigh",
      "state": "North Carolina"
    },
    {
      "row": 170,
      "branch_name": "Sunstate Equipment - Tulsa",
      "city": "Tulsa",
      "state": "Oklahoma"
    },
    {
      "row": 176,
      "branch_name": "Sunstate Equipment - Memphis",
      "city": "Memphis",
      "state": "Tennessee"
    },
    {
      "row": 178,
      "branch_name": "Sunstate Equipment - Austin",
      "city": "Austin",
      "state": "Texas"
    },
    {
      "row": 181,
      "branch_name": "Sunstate Equipment - Bryan",
      "city": "Bryan",
      "state": "Texas"
    },
    {
      "row": 188,
      "branch_name": "Sunstate Equipment - Fort Worth",
      "city": "Fort Worth",
      "state": "Texas"
    },
    {
      "row": 189,
      "branch_name": "Sunstate Equipment - Fort Worth - South",
      "city": "Fort Worth - South",
      "state": "Texas"
    },
    {
      "row": 192,
      "branch_name": "Sunstate Equipment - Houston",
      "city": "Houston",
      "state": "Texas"
    },
    {
      "row": 193,
      "branch_name": "Sunstate Equipment - Houston-2",
      "city": "Houston-2",
      "state": "Texas"
    },
    {
      "row": 195,
      "branch_name": "Sunstate Equipment - Killeen",
      "city": "Killeen",
      "state": "Texas"
    },
    {
      "row": 196,
      "branch_name": "Sunstate Equipment - Krum",
      "city": "Krum",
      "state": "Texas"
    },
    {
      "row": 199,
      "branch_name": "Sunstate Equipment - Odessa",
      "city": "Odessa",
      "state": "Texas"
    },
    {
      "row": 201,
      "branch_name": "Sunstate Equipment - San Antonio",
      "city": "San Antonio",
      "state": "Texas"
    },
    {
      "row": 204,
      "branch_name": "Sunstate Equipment - Trench - Austin",
      "city": "Trench - Austin",
      "state": "Texas"
    },
    {
      "row": 208,
      "branch_name": "Sunstate Equipment - Lindon",
      "city": "Lindon",
      "state": "Utah"
    },
    {
      "row": 209,
      "branch_name": "Sunstate Equipment - Ogden",
      "city": "Ogden",
      "state": "Utah"
    },
    {
      "row": 211,
      "branch_name": "Sunstate Equipment - Kent",
      "city": "Kent",
      "state": "Washington"
    },
    {
      "row": 213,
      "branch_name": "Sunstate Equipment - Trench - Kent",
      "city": "Trench - Kent",
      "state": "Washington"
    },
    {
      "row": 214,
      "branch_name": "Sunstate Equipment - Trench - Olympia",
      "city": "Trench - Olympia",
      "state": "Washington"
    },
    {
      "row": 216,
      "branch_name": "Sunstate Equipment - Trench - Woodinville",
      "city": "Trench - Woodinville",
      "state": "Washington"
    },
    {
      "row": 217,
      "branch_name": "Sunstate Equipment - Woodinville",
      "city": "Woodinville",
      "state": "Washington"
    }
  ]
}